"LOCATION","INDICATOR","SUBJECT","MEASURE","FREQUENCY","TIME","Value","Flag Codes"
"NOR","HOUSECOST","NOMINAL","IDX2015","A","1970",4.2504881024916,
"NOR","HOUSECOST","NOMINAL","IDX2015","A","1971",4.39634101053492,
"NOR","HOUSECOST","NOMINAL","IDX2015","A","1972",4.62751498709203,
"NOR","HOUSECOST","NOMINAL","IDX2015","A","1973",5.04662591217187,
"NOR","HOUSECOST","NOMINAL","IDX2015","A","1974",5.82777488532619,
"NOR","HOUSECOST","NOMINAL","IDX2015","A","1975",6.51149642197638,
"NOR","HOUSECOST","NOMINAL","IDX2015","A","1976",7.1075909151436,
"NOR","HOUSECOST","NOMINAL","IDX2015","A","1977",7.83512597353528,
"NOR","HOUSECOST","NOMINAL","IDX2015","A","1978",8.1960110341955,
"NOR","HOUSECOST","NOMINAL","IDX2015","A","1979",8.52403595354962,
"NOR","HOUSECOST","NOMINAL","IDX2015","A","1980",9.40261236320804,
"NOR","HOUSECOST","NOMINAL","IDX2015","A","1981",10.3469090554787,
"NOR","HOUSECOST","NOMINAL","IDX2015","A","1982",11.3056180904275,
"NOR","HOUSECOST","NOMINAL","IDX2015","A","1983",12.0821551139248,
"NOR","HOUSECOST","NOMINAL","IDX2015","A","1984",13.785117524772,
"NOR","HOUSECOST","NOMINAL","IDX2015","A","1985",16.636455400212,
"NOR","HOUSECOST","NOMINAL","IDX2015","A","1986",21.8150983713155,
"NOR","HOUSECOST","NOMINAL","IDX2015","A","1987",23.4304337386796,
"NOR","HOUSECOST","NOMINAL","IDX2015","A","1988",24.3136220979951,
"NOR","HOUSECOST","NOMINAL","IDX2015","A","1989",22.7501711642722,
"NOR","HOUSECOST","NOMINAL","IDX2015","A","1990",21.1008226681877,
"NOR","HOUSECOST","NOMINAL","IDX2015","A","1991",19.7979468900853,
"NOR","HOUSECOST","NOMINAL","IDX2015","A","1992",18.8000000013468,
"NOR","HOUSECOST","NOMINAL","IDX2015","A","1993",18.975,
"NOR","HOUSECOST","NOMINAL","IDX2015","A","1994",21.475,
"NOR","HOUSECOST","NOMINAL","IDX2015","A","1995",23.05,
"NOR","HOUSECOST","NOMINAL","IDX2015","A","1996",25.125,
"NOR","HOUSECOST","NOMINAL","IDX2015","A","1997",28.125,
"NOR","HOUSECOST","NOMINAL","IDX2015","A","1998",31.25,
"NOR","HOUSECOST","NOMINAL","IDX2015","A","1999",34.725,
"NOR","HOUSECOST","NOMINAL","IDX2015","A","2000",40.25,
"NOR","HOUSECOST","NOMINAL","IDX2015","A","2001",43.025,
"NOR","HOUSECOST","NOMINAL","IDX2015","A","2002",45.1749999999999,
"NOR","HOUSECOST","NOMINAL","IDX2015","A","2003",45.925,
"NOR","HOUSECOST","NOMINAL","IDX2015","A","2004",50.6,
"NOR","HOUSECOST","NOMINAL","IDX2015","A","2005",54.775,
"NOR","HOUSECOST","NOMINAL","IDX2015","A","2006",62.275,
"NOR","HOUSECOST","NOMINAL","IDX2015","A","2007",70.1,
"NOR","HOUSECOST","NOMINAL","IDX2015","A","2008",69.3499999999999,
"NOR","HOUSECOST","NOMINAL","IDX2015","A","2009",70.675,
"NOR","HOUSECOST","NOMINAL","IDX2015","A","2010",76.4749999999999,
"NOR","HOUSECOST","NOMINAL","IDX2015","A","2011",82.5999999999999,
"NOR","HOUSECOST","NOMINAL","IDX2015","A","2012",88.1999999999999,
"NOR","HOUSECOST","NOMINAL","IDX2015","A","2013",91.7499999999999,
"NOR","HOUSECOST","NOMINAL","IDX2015","A","2014",94.2499999999999,
"NOR","HOUSECOST","NOMINAL","IDX2015","A","2015",100,
"NOR","HOUSECOST","NOMINAL","IDX2015","A","2016",107.025,
"NOR","HOUSECOST","NOMINAL","IDX2015","A","2017",112.350000002717,
"NOR","HOUSECOST","PRICEINCOME","IDX2015","A","1978",73.0997095890178,
"NOR","HOUSECOST","PRICEINCOME","IDX2015","A","1979",72.7265675026277,
"NOR","HOUSECOST","PRICEINCOME","IDX2015","A","1980",71.1357831136252,
"NOR","HOUSECOST","PRICEINCOME","IDX2015","A","1981",67.6969854289338,
"NOR","HOUSECOST","PRICEINCOME","IDX2015","A","1982",66.61563162135,
"NOR","HOUSECOST","PRICEINCOME","IDX2015","A","1983",65.0272136789112,
"NOR","HOUSECOST","PRICEINCOME","IDX2015","A","1984",67.6690396334071,
"NOR","HOUSECOST","PRICEINCOME","IDX2015","A","1985",75.9401874073835,
"NOR","HOUSECOST","PRICEINCOME","IDX2015","A","1986",91.664373179808,
"NOR","HOUSECOST","PRICEINCOME","IDX2015","A","1987",92.0046603107746,
"NOR","HOUSECOST","PRICEINCOME","IDX2015","A","1988",90.1734118311427,
"NOR","HOUSECOST","PRICEINCOME","IDX2015","A","1989",79.3249819465009,
"NOR","HOUSECOST","PRICEINCOME","IDX2015","A","1990",69.0803322724486,
"NOR","HOUSECOST","PRICEINCOME","IDX2015","A","1991",60.814056540368,
"NOR","HOUSECOST","PRICEINCOME","IDX2015","A","1992",54.5034988038777,
"NOR","HOUSECOST","PRICEINCOME","IDX2015","A","1993",51.8972770277288,
"NOR","HOUSECOST","PRICEINCOME","IDX2015","A","1994",57.0937852698539,
"NOR","HOUSECOST","PRICEINCOME","IDX2015","A","1995",58.5428344165085,
"NOR","HOUSECOST","PRICEINCOME","IDX2015","A","1996",60.9417818080349,
"NOR","HOUSECOST","PRICEINCOME","IDX2015","A","1997",64.398401753059,
"NOR","HOUSECOST","PRICEINCOME","IDX2015","A","1998",66.3745622419687,
"NOR","HOUSECOST","PRICEINCOME","IDX2015","A","1999",70.7637455677388,
"NOR","HOUSECOST","PRICEINCOME","IDX2015","A","2000",77.3416618334345,
"NOR","HOUSECOST","PRICEINCOME","IDX2015","A","2001",81.7151332689683,
"NOR","HOUSECOST","PRICEINCOME","IDX2015","A","2002",78.5742336737804,
"NOR","HOUSECOST","PRICEINCOME","IDX2015","A","2003",74.6351117433871,
"NOR","HOUSECOST","PRICEINCOME","IDX2015","A","2004",79.1464348342627,
"NOR","HOUSECOST","PRICEINCOME","IDX2015","A","2005",78.8144536916742,
"NOR","HOUSECOST","PRICEINCOME","IDX2015","A","2006",94.8105730823594,
"NOR","HOUSECOST","PRICEINCOME","IDX2015","A","2007",100.480251676229,
"NOR","HOUSECOST","PRICEINCOME","IDX2015","A","2008",94.1489179818036,
"NOR","HOUSECOST","PRICEINCOME","IDX2015","A","2009",91.817497483191,
"NOR","HOUSECOST","PRICEINCOME","IDX2015","A","2010",96.3167405093918,
"NOR","HOUSECOST","PRICEINCOME","IDX2015","A","2011",100.155637280286,
"NOR","HOUSECOST","PRICEINCOME","IDX2015","A","2012",102.718296685876,
"NOR","HOUSECOST","PRICEINCOME","IDX2015","A","2013",101.993147593263,
"NOR","HOUSECOST","PRICEINCOME","IDX2015","A","2014",100.737988732577,
"NOR","HOUSECOST","PRICEINCOME","IDX2015","A","2015",100,
"NOR","HOUSECOST","PRICEINCOME","IDX2015","A","2016",106.615842341554,
"NOR","HOUSECOST","PRICEINCOME","IDX2015","A","2017",108.850262898537,
"NOR","HOUSECOST","PRICERENT","IDX2015","A","1979",38.0087285250829,
"NOR","HOUSECOST","PRICERENT","IDX2015","A","1980",39.2931763568347,
"NOR","HOUSECOST","PRICERENT","IDX2015","A","1981",38.9520889769488,
"NOR","HOUSECOST","PRICERENT","IDX2015","A","1982",37.8107791719991,
"NOR","HOUSECOST","PRICERENT","IDX2015","A","1983",37.0064452042047,
"NOR","HOUSECOST","PRICERENT","IDX2015","A","1984",39.3040834186507,
"NOR","HOUSECOST","PRICERENT","IDX2015","A","1985",45.2260260641157,
"NOR","HOUSECOST","PRICERENT","IDX2015","A","1986",56.5690034406684,
"NOR","HOUSECOST","PRICERENT","IDX2015","A","1987",57.4197676567109,
"NOR","HOUSECOST","PRICERENT","IDX2015","A","1988",55.2550491619387,
"NOR","HOUSECOST","PRICERENT","IDX2015","A","1989",48.0693269867323,
"NOR","HOUSECOST","PRICERENT","IDX2015","A","1990",41.847933490989,
"NOR","HOUSECOST","PRICERENT","IDX2015","A","1991",37.4225369333057,
"NOR","HOUSECOST","PRICERENT","IDX2015","A","1992",34.2497918277885,
"NOR","HOUSECOST","PRICERENT","IDX2015","A","1993",33.5719298309939,
"NOR","HOUSECOST","PRICERENT","IDX2015","A","1994",37.749278548152,
"NOR","HOUSECOST","PRICERENT","IDX2015","A","1995",39.9189251042546,
"NOR","HOUSECOST","PRICERENT","IDX2015","A","1996",42.7711996665116,
"NOR","HOUSECOST","PRICERENT","IDX2015","A","1997",46.7454759075888,
"NOR","HOUSECOST","PRICERENT","IDX2015","A","1998",50.7606328113561,
"NOR","HOUSECOST","PRICERENT","IDX2015","A","1999",54.8534674431023,
"NOR","HOUSECOST","PRICERENT","IDX2015","A","2000",61.1869619425875,
"NOR","HOUSECOST","PRICERENT","IDX2015","A","2001",62.9756348790866,
"NOR","HOUSECOST","PRICERENT","IDX2015","A","2002",63.3075642950273,
"NOR","HOUSECOST","PRICERENT","IDX2015","A","2003",61.8875891218789,
"NOR","HOUSECOST","PRICERENT","IDX2015","A","2004",66.8405575276419,
"NOR","HOUSECOST","PRICERENT","IDX2015","A","2005",70.9258345159751,
"NOR","HOUSECOST","PRICERENT","IDX2015","A","2006",78.8469251331115,
"NOR","HOUSECOST","PRICERENT","IDX2015","A","2007",87.1081675468983,
"NOR","HOUSECOST","PRICERENT","IDX2015","A","2008",83.6932281308756,
"NOR","HOUSECOST","PRICERENT","IDX2015","A","2009",82.4161562186493,
"NOR","HOUSECOST","PRICERENT","IDX2015","A","2010",86.7198999524315,
"NOR","HOUSECOST","PRICERENT","IDX2015","A","2011",91.6053923534361,
"NOR","HOUSECOST","PRICERENT","IDX2015","A","2012",95.9781741480641,
"NOR","HOUSECOST","PRICERENT","IDX2015","A","2013",96.8448439675601,
"NOR","HOUSECOST","PRICERENT","IDX2015","A","2014",96.8509820378748,
"NOR","HOUSECOST","PRICERENT","IDX2015","A","2015",100,
"NOR","HOUSECOST","PRICERENT","IDX2015","A","2016",104.990824127278,
"NOR","HOUSECOST","PRICERENT","IDX2015","A","2017",107.940997932639,
"NOR","HOUSECOST","REAL","IDX2015","A","1970",31.6347250816783,
"NOR","HOUSECOST","REAL","IDX2015","A","1971",30.7774369449782,
"NOR","HOUSECOST","REAL","IDX2015","A","1972",30.3376192290262,
"NOR","HOUSECOST","REAL","IDX2015","A","1973",30.8102230709994,
"NOR","HOUSECOST","REAL","IDX2015","A","1974",32.4904321186336,
"NOR","HOUSECOST","REAL","IDX2015","A","1975",32.6887464361946,
"NOR","HOUSECOST","REAL","IDX2015","A","1976",32.8824484243551,
"NOR","HOUSECOST","REAL","IDX2015","A","1977",33.3705481731817,
"NOR","HOUSECOST","REAL","IDX2015","A","1978",32.34766402496,
"NOR","HOUSECOST","REAL","IDX2015","A","1979",31.9331569031207,
"NOR","HOUSECOST","REAL","IDX2015","A","1980",32.1575138707507,
"NOR","HOUSECOST","REAL","IDX2015","A","1981",31.3326088464757,
"NOR","HOUSECOST","REAL","IDX2015","A","1982",30.7529435393875,
"NOR","HOUSECOST","REAL","IDX2015","A","1983",30.3324226875412,
"NOR","HOUSECOST","REAL","IDX2015","A","1984",32.6129522794505,
"NOR","HOUSECOST","REAL","IDX2015","A","1985",37.205041238175,
"NOR","HOUSECOST","REAL","IDX2015","A","1986",45.5858647768047,
"NOR","HOUSECOST","REAL","IDX2015","A","1987",45.2814232574483,
"NOR","HOUSECOST","REAL","IDX2015","A","1988",44.382723367324,
"NOR","HOUSECOST","REAL","IDX2015","A","1989",39.6188510189109,
"NOR","HOUSECOST","REAL","IDX2015","A","1990",35.1231625866516,
"NOR","HOUSECOST","REAL","IDX2015","A","1991",31.7835112319075,
"NOR","HOUSECOST","REAL","IDX2015","A","1992",29.5156529317474,
"NOR","HOUSECOST","REAL","IDX2015","A","1993",29.0655247502978,
"NOR","HOUSECOST","REAL","IDX2015","A","1994",32.5799663891169,
"NOR","HOUSECOST","REAL","IDX2015","A","1995",34.1762297672609,
"NOR","HOUSECOST","REAL","IDX2015","A","1996",36.7882624015071,
"NOR","HOUSECOST","REAL","IDX2015","A","1997",40.2189686681449,
"NOR","HOUSECOST","REAL","IDX2015","A","1998",43.5870164609175,
"NOR","HOUSECOST","REAL","IDX2015","A","1999",47.4772638541626,
"NOR","HOUSECOST","REAL","IDX2015","A","2000",53.5035814126339,
"NOR","HOUSECOST","REAL","IDX2015","A","2001",55.9655836060416,
"NOR","HOUSECOST","REAL","IDX2015","A","2002",57.9617414008037,
"NOR","HOUSECOST","REAL","IDX2015","A","2003",57.2931672690537,
"NOR","HOUSECOST","REAL","IDX2015","A","2004",62.3816970883804,
"NOR","HOUSECOST","REAL","IDX2015","A","2005",66.7677916864404,
"NOR","HOUSECOST","REAL","IDX2015","A","2006",74.5437385561936,
"NOR","HOUSECOST","REAL","IDX2015","A","2007",82.8700194002292,
"NOR","HOUSECOST","REAL","IDX2015","A","2008",79.2558851919912,
"NOR","HOUSECOST","REAL","IDX2015","A","2009",78.7821407984694,
"NOR","HOUSECOST","REAL","IDX2015","A","2010",83.4813087779155,
"NOR","HOUSECOST","REAL","IDX2015","A","2011",89.1833984975276,
"NOR","HOUSECOST","REAL","IDX2015","A","2012",94.2221295087878,
"NOR","HOUSECOST","REAL","IDX2015","A","2013",96.050239826967,
"NOR","HOUSECOST","REAL","IDX2015","A","2014",96.4990886417548,
"NOR","HOUSECOST","REAL","IDX2015","A","2015",100,
"NOR","HOUSECOST","REAL","IDX2015","A","2016",103.897136001217,
"NOR","HOUSECOST","REAL","IDX2015","A","2017",106.990794190323,
"NOR","HOUSECOST","RENT","IDX2015","A","1979",22.4268726441463,
"NOR","HOUSECOST","RENT","IDX2015","A","1980",23.926997904325,
"NOR","HOUSECOST","RENT","IDX2015","A","1981",26.5688860019812,
"NOR","HOUSECOST","RENT","IDX2015","A","1982",29.9108300543095,
"NOR","HOUSECOST","RENT","IDX2015","A","1983",32.6610596984848,
"NOR","HOUSECOST","RENT","IDX2015","A","1984",35.0445937235759,
"NOR","HOUSECOST","RENT","IDX2015","A","1985",36.7614020770734,
"NOR","HOUSECOST","RENT","IDX2015","A","1986",38.5448859979808,
"NOR","HOUSECOST","RENT","IDX2015","A","1987",40.8034070844916,
"NOR","HOUSECOST","RENT","IDX2015","A","1988",44.0286763944789,
"NOR","HOUSECOST","RENT","IDX2015","A","1989",47.3789561428379,
"NOR","HOUSECOST","RENT","IDX2015","A","1990",50.4542129267794,
"NOR","HOUSECOST","RENT","IDX2015","A","1991",52.9210839105065,
"NOR","HOUSECOST","RENT","IDX2015","A","1992",54.9045845328085,
"NOR","HOUSECOST","RENT","IDX2015","A","1993",56.5130538399956,
"NOR","HOUSECOST","RENT","IDX2015","A","1994",56.8880801546929,
"NOR","HOUSECOST","RENT","IDX2015","A","1995",57.7381536358286,
"NOR","HOUSECOST","RENT","IDX2015","A","1996",58.7382346425927,
"NOR","HOUSECOST","RENT","IDX2015","A","1997",60.1550204442071,
"NOR","HOUSECOST","RENT","IDX2015","A","1998",61.5634730499997,
"NOR","HOUSECOST","RENT","IDX2015","A","1999",63.280283903706,
"NOR","HOUSECOST","RENT","IDX2015","A","2000",65.7804901709293,
"NOR","HOUSECOST","RENT","IDX2015","A","2001",68.3140392222751,
"NOR","HOUSECOST","RENT","IDX2015","A","2002",71.3642914183334,
"NOR","HOUSECOST","RENT","IDX2015","A","2003",74.2061987175929,
"NOR","HOUSECOST","RENT","IDX2015","A","2004",75.6979882820215,
"NOR","HOUSECOST","RENT","IDX2015","A","2005",77.2231106297376,
"NOR","HOUSECOST","RENT","IDX2015","A","2006",78.9649285715358,
"NOR","HOUSECOST","RENT","IDX2015","A","2007",80.473384527608,
"NOR","HOUSECOST","RENT","IDX2015","A","2008",82.8902513359865,
"NOR","HOUSECOST","RENT","IDX2015","A","2009",85.7404893308591,
"NOR","HOUSECOST","RENT","IDX2015","A","2010",88.1823632273295,
"NOR","HOUSECOST","RENT","IDX2015","A","2011",90.1658638496314,
"NOR","HOUSECOST","RENT","IDX2015","A","2012",91.8910053989508,
"NOR","HOUSECOST","RENT","IDX2015","A","2013",94.7495765896452,
"NOR","HOUSECOST","RENT","IDX2015","A","2014",97.3081252284566,
"NOR","HOUSECOST","RENT","IDX2015","A","2015",100,
"NOR","HOUSECOST","RENT","IDX2015","A","2016",101.925160750923,
"NOR","HOUSECOST","RENT","IDX2015","A","2017",104.092041685481,
"NOR","HOUSECOST","RENT","IDX2015","A","2018",105.875507250906,
"NOR","HOUSECOST","NOMINAL","IDX2015","Q","1970-Q1",4.15898789593309,
"NOR","HOUSECOST","NOMINAL","IDX2015","Q","1970-Q2",4.21331105893162,
"NOR","HOUSECOST","NOMINAL","IDX2015","Q","1970-Q3",4.2806851238318,
"NOR","HOUSECOST","NOMINAL","IDX2015","Q","1970-Q4",4.3489683312699,
"NOR","HOUSECOST","NOMINAL","IDX2015","Q","1971-Q1",4.33757251641842,
"NOR","HOUSECOST","NOMINAL","IDX2015","Q","1971-Q2",4.35500028761247,
"NOR","HOUSECOST","NOMINAL","IDX2015","Q","1971-Q3",4.42713698021754,
"NOR","HOUSECOST","NOMINAL","IDX2015","Q","1971-Q4",4.46565425789125,
"NOR","HOUSECOST","NOMINAL","IDX2015","Q","1972-Q1",4.57509162313291,
"NOR","HOUSECOST","NOMINAL","IDX2015","Q","1972-Q2",4.58825978478774,
"NOR","HOUSECOST","NOMINAL","IDX2015","Q","1972-Q3",4.64168371086044,
"NOR","HOUSECOST","NOMINAL","IDX2015","Q","1972-Q4",4.70502482958703,
"NOR","HOUSECOST","NOMINAL","IDX2015","Q","1973-Q1",4.81256410570095,
"NOR","HOUSECOST","NOMINAL","IDX2015","Q","1973-Q2",4.98271828837759,
"NOR","HOUSECOST","NOMINAL","IDX2015","Q","1973-Q3",5.09971333708729,
"NOR","HOUSECOST","NOMINAL","IDX2015","Q","1973-Q4",5.29150791752167,
"NOR","HOUSECOST","NOMINAL","IDX2015","Q","1974-Q1",5.46549926810878,
"NOR","HOUSECOST","NOMINAL","IDX2015","Q","1974-Q2",5.72405828227871,
"NOR","HOUSECOST","NOMINAL","IDX2015","Q","1974-Q3",5.96320079324685,
"NOR","HOUSECOST","NOMINAL","IDX2015","Q","1974-Q4",6.15834119767044,
"NOR","HOUSECOST","NOMINAL","IDX2015","Q","1975-Q1",6.36851953513788,
"NOR","HOUSECOST","NOMINAL","IDX2015","Q","1975-Q2",6.42980378471026,
"NOR","HOUSECOST","NOMINAL","IDX2015","Q","1975-Q3",6.54059816418689,
"NOR","HOUSECOST","NOMINAL","IDX2015","Q","1975-Q4",6.70706420387052,
"NOR","HOUSECOST","NOMINAL","IDX2015","Q","1976-Q1",6.72717144784215,
"NOR","HOUSECOST","NOMINAL","IDX2015","Q","1976-Q2",7.04741019824144,
"NOR","HOUSECOST","NOMINAL","IDX2015","Q","1976-Q3",7.20710270420148,
"NOR","HOUSECOST","NOMINAL","IDX2015","Q","1976-Q4",7.44867931028931,
"NOR","HOUSECOST","NOMINAL","IDX2015","Q","1977-Q1",7.62988474951196,
"NOR","HOUSECOST","NOMINAL","IDX2015","Q","1977-Q2",7.75011131974731,
"NOR","HOUSECOST","NOMINAL","IDX2015","Q","1977-Q3",7.91455223147012,
"NOR","HOUSECOST","NOMINAL","IDX2015","Q","1977-Q4",8.04595559341175,
"NOR","HOUSECOST","NOMINAL","IDX2015","Q","1978-Q1",8.09718624391822,
"NOR","HOUSECOST","NOMINAL","IDX2015","Q","1978-Q2",8.077285506871,
"NOR","HOUSECOST","NOMINAL","IDX2015","Q","1978-Q3",8.27943597247043,
"NOR","HOUSECOST","NOMINAL","IDX2015","Q","1978-Q4",8.33013641352238,
"NOR","HOUSECOST","NOMINAL","IDX2015","Q","1979-Q1",8.38951608805014,
"NOR","HOUSECOST","NOMINAL","IDX2015","Q","1979-Q2",8.46599477827524,
"NOR","HOUSECOST","NOMINAL","IDX2015","Q","1979-Q3",8.54973579796574,
"NOR","HOUSECOST","NOMINAL","IDX2015","Q","1979-Q4",8.69089714990734,
"NOR","HOUSECOST","NOMINAL","IDX2015","Q","1980-Q1",8.95041079519671,
"NOR","HOUSECOST","NOMINAL","IDX2015","Q","1980-Q2",9.28622633144268,
"NOR","HOUSECOST","NOMINAL","IDX2015","Q","1980-Q3",9.52836532000061,
"NOR","HOUSECOST","NOMINAL","IDX2015","Q","1980-Q4",9.84544700619216,
"NOR","HOUSECOST","NOMINAL","IDX2015","Q","1981-Q1",10.0340992456865,
"NOR","HOUSECOST","NOMINAL","IDX2015","Q","1981-Q2",10.2428974932103,
"NOR","HOUSECOST","NOMINAL","IDX2015","Q","1981-Q3",10.461611238124,
"NOR","HOUSECOST","NOMINAL","IDX2015","Q","1981-Q4",10.6490282448941,
"NOR","HOUSECOST","NOMINAL","IDX2015","Q","1982-Q1",10.9317292590126,
"NOR","HOUSECOST","NOMINAL","IDX2015","Q","1982-Q2",11.2367324732648,
"NOR","HOUSECOST","NOMINAL","IDX2015","Q","1982-Q3",11.4716374777336,
"NOR","HOUSECOST","NOMINAL","IDX2015","Q","1982-Q4",11.5823731516991,
"NOR","HOUSECOST","NOMINAL","IDX2015","Q","1983-Q1",11.9541138497903,
"NOR","HOUSECOST","NOMINAL","IDX2015","Q","1983-Q2",12.1025820028993,
"NOR","HOUSECOST","NOMINAL","IDX2015","Q","1983-Q3",12.1422088888841,
"NOR","HOUSECOST","NOMINAL","IDX2015","Q","1983-Q4",12.1297157141256,
"NOR","HOUSECOST","NOMINAL","IDX2015","Q","1984-Q1",12.6578406000579,
"NOR","HOUSECOST","NOMINAL","IDX2015","Q","1984-Q2",13.3294506382063,
"NOR","HOUSECOST","NOMINAL","IDX2015","Q","1984-Q3",14.1620359145433,
"NOR","HOUSECOST","NOMINAL","IDX2015","Q","1984-Q4",14.9911429462804,
"NOR","HOUSECOST","NOMINAL","IDX2015","Q","1985-Q1",15.4285323714434,
"NOR","HOUSECOST","NOMINAL","IDX2015","Q","1985-Q2",15.8475025449286,
"NOR","HOUSECOST","NOMINAL","IDX2015","Q","1985-Q3",16.8677229599706,
"NOR","HOUSECOST","NOMINAL","IDX2015","Q","1985-Q4",18.4020637245054,
"NOR","HOUSECOST","NOMINAL","IDX2015","Q","1986-Q1",20.1083931713616,
"NOR","HOUSECOST","NOMINAL","IDX2015","Q","1986-Q2",21.5000003359594,
"NOR","HOUSECOST","NOMINAL","IDX2015","Q","1986-Q3",22.5286196420526,
"NOR","HOUSECOST","NOMINAL","IDX2015","Q","1986-Q4",23.1233803358883,
"NOR","HOUSECOST","NOMINAL","IDX2015","Q","1987-Q1",22.2013731578822,
"NOR","HOUSECOST","NOMINAL","IDX2015","Q","1987-Q2",24.0192769078934,
"NOR","HOUSECOST","NOMINAL","IDX2015","Q","1987-Q3",23.5978558795604,
"NOR","HOUSECOST","NOMINAL","IDX2015","Q","1987-Q4",23.9032290093826,
"NOR","HOUSECOST","NOMINAL","IDX2015","Q","1988-Q1",24.3853520559571,
"NOR","HOUSECOST","NOMINAL","IDX2015","Q","1988-Q2",24.2712393274775,
"NOR","HOUSECOST","NOMINAL","IDX2015","Q","1988-Q3",24.3322787166658,
"NOR","HOUSECOST","NOMINAL","IDX2015","Q","1988-Q4",24.2656182918799,
"NOR","HOUSECOST","NOMINAL","IDX2015","Q","1989-Q1",23.7948920740825,
"NOR","HOUSECOST","NOMINAL","IDX2015","Q","1989-Q2",23.1685516187408,
"NOR","HOUSECOST","NOMINAL","IDX2015","Q","1989-Q3",22.1159288510891,
"NOR","HOUSECOST","NOMINAL","IDX2015","Q","1989-Q4",21.9213121131763,
"NOR","HOUSECOST","NOMINAL","IDX2015","Q","1990-Q1",21.6597773558425,
"NOR","HOUSECOST","NOMINAL","IDX2015","Q","1990-Q2",21.5126037341576,
"NOR","HOUSECOST","NOMINAL","IDX2015","Q","1990-Q3",20.9867160851689,
"NOR","HOUSECOST","NOMINAL","IDX2015","Q","1990-Q4",20.2441934975816,
"NOR","HOUSECOST","NOMINAL","IDX2015","Q","1991-Q1",20.1942016246437,
"NOR","HOUSECOST","NOMINAL","IDX2015","Q","1991-Q2",19.9138131261049,
"NOR","HOUSECOST","NOMINAL","IDX2015","Q","1991-Q3",19.6219875804483,
"NOR","HOUSECOST","NOMINAL","IDX2015","Q","1991-Q4",19.461785229144,
"NOR","HOUSECOST","NOMINAL","IDX2015","Q","1992-Q1",19.0890111003547,
"NOR","HOUSECOST","NOMINAL","IDX2015","Q","1992-Q2",18.8225960440793,
"NOR","HOUSECOST","NOMINAL","IDX2015","Q","1992-Q3",18.7546642606629,
"NOR","HOUSECOST","NOMINAL","IDX2015","Q","1992-Q4",18.5337286002903,
"NOR","HOUSECOST","NOMINAL","IDX2015","Q","1993-Q1",18.0722300992183,
"NOR","HOUSECOST","NOMINAL","IDX2015","Q","1993-Q2",18.6065775357379,
"NOR","HOUSECOST","NOMINAL","IDX2015","Q","1993-Q3",19.1698633103492,
"NOR","HOUSECOST","NOMINAL","IDX2015","Q","1993-Q4",20.0513290546947,
"NOR","HOUSECOST","NOMINAL","IDX2015","Q","1994-Q1",20.8989787657237,
"NOR","HOUSECOST","NOMINAL","IDX2015","Q","1994-Q2",21.0559767262616,
"NOR","HOUSECOST","NOMINAL","IDX2015","Q","1994-Q3",21.8705100856699,
"NOR","HOUSECOST","NOMINAL","IDX2015","Q","1994-Q4",22.0745344223448,
"NOR","HOUSECOST","NOMINAL","IDX2015","Q","1995-Q1",22.4157755170581,
"NOR","HOUSECOST","NOMINAL","IDX2015","Q","1995-Q2",22.7510378474163,
"NOR","HOUSECOST","NOMINAL","IDX2015","Q","1995-Q3",23.2122083425884,
"NOR","HOUSECOST","NOMINAL","IDX2015","Q","1995-Q4",23.8209782929371,
"NOR","HOUSECOST","NOMINAL","IDX2015","Q","1996-Q1",24.2288971857678,
"NOR","HOUSECOST","NOMINAL","IDX2015","Q","1996-Q2",24.6147246628872,
"NOR","HOUSECOST","NOMINAL","IDX2015","Q","1996-Q3",25.3403429668395,
"NOR","HOUSECOST","NOMINAL","IDX2015","Q","1996-Q4",26.3160351845055,
"NOR","HOUSECOST","NOMINAL","IDX2015","Q","1997-Q1",26.8541401285801,
"NOR","HOUSECOST","NOMINAL","IDX2015","Q","1997-Q2",27.7993643453691,
"NOR","HOUSECOST","NOMINAL","IDX2015","Q","1997-Q3",28.4732141134159,
"NOR","HOUSECOST","NOMINAL","IDX2015","Q","1997-Q4",29.3732814126349,
"NOR","HOUSECOST","NOMINAL","IDX2015","Q","1998-Q1",30.5474101145172,
"NOR","HOUSECOST","NOMINAL","IDX2015","Q","1998-Q2",31.3057407428214,
"NOR","HOUSECOST","NOMINAL","IDX2015","Q","1998-Q3",31.7324235397662,
"NOR","HOUSECOST","NOMINAL","IDX2015","Q","1998-Q4",31.4144256028951,
"NOR","HOUSECOST","NOMINAL","IDX2015","Q","1999-Q1",32.3611268091307,
"NOR","HOUSECOST","NOMINAL","IDX2015","Q","1999-Q2",33.7574771197868,
"NOR","HOUSECOST","NOMINAL","IDX2015","Q","1999-Q3",35.3968472345091,
"NOR","HOUSECOST","NOMINAL","IDX2015","Q","1999-Q4",37.3845488365734,
"NOR","HOUSECOST","NOMINAL","IDX2015","Q","2000-Q1",39.0857057611868,
"NOR","HOUSECOST","NOMINAL","IDX2015","Q","2000-Q2",40.4118124574046,
"NOR","HOUSECOST","NOMINAL","IDX2015","Q","2000-Q3",40.4304446155783,
"NOR","HOUSECOST","NOMINAL","IDX2015","Q","2000-Q4",41.0720371658304,
"NOR","HOUSECOST","NOMINAL","IDX2015","Q","2001-Q1",41.7431998241199,
"NOR","HOUSECOST","NOMINAL","IDX2015","Q","2001-Q2",42.4517728896639,
"NOR","HOUSECOST","NOMINAL","IDX2015","Q","2001-Q3",43.6925138040036,
"NOR","HOUSECOST","NOMINAL","IDX2015","Q","2001-Q4",44.2125134822126,
"NOR","HOUSECOST","NOMINAL","IDX2015","Q","2002-Q1",44.7015341841801,
"NOR","HOUSECOST","NOMINAL","IDX2015","Q","2002-Q2",45.4217472324364,
"NOR","HOUSECOST","NOMINAL","IDX2015","Q","2002-Q3",45.1721327637288,
"NOR","HOUSECOST","NOMINAL","IDX2015","Q","2002-Q4",45.4045858196546,
"NOR","HOUSECOST","NOMINAL","IDX2015","Q","2003-Q1",45.3676327496899,
"NOR","HOUSECOST","NOMINAL","IDX2015","Q","2003-Q2",45.0872990153891,
"NOR","HOUSECOST","NOMINAL","IDX2015","Q","2003-Q3",46.0106848955651,
"NOR","HOUSECOST","NOMINAL","IDX2015","Q","2003-Q4",47.234383339356,
"NOR","HOUSECOST","NOMINAL","IDX2015","Q","2004-Q1",49.4797045973542,
"NOR","HOUSECOST","NOMINAL","IDX2015","Q","2004-Q2",49.8098369467948,
"NOR","HOUSECOST","NOMINAL","IDX2015","Q","2004-Q3",50.8401380560962,
"NOR","HOUSECOST","NOMINAL","IDX2015","Q","2004-Q4",52.2703203997549,
"NOR","HOUSECOST","NOMINAL","IDX2015","Q","2005-Q1",53.0727764970694,
"NOR","HOUSECOST","NOMINAL","IDX2015","Q","2005-Q2",54.0993544439581,
"NOR","HOUSECOST","NOMINAL","IDX2015","Q","2005-Q3",55.3557882758434,
"NOR","HOUSECOST","NOMINAL","IDX2015","Q","2005-Q4",56.5720807831291,
"NOR","HOUSECOST","NOMINAL","IDX2015","Q","2006-Q1",58.6142820518353,
"NOR","HOUSECOST","NOMINAL","IDX2015","Q","2006-Q2",60.7920329602378,
"NOR","HOUSECOST","NOMINAL","IDX2015","Q","2006-Q3",63.6011944832066,
"NOR","HOUSECOST","NOMINAL","IDX2015","Q","2006-Q4",66.0924905047204,
"NOR","HOUSECOST","NOMINAL","IDX2015","Q","2007-Q1",68.4436049859292,
"NOR","HOUSECOST","NOMINAL","IDX2015","Q","2007-Q2",69.9103926847065,
"NOR","HOUSECOST","NOMINAL","IDX2015","Q","2007-Q3",70.8283784622419,
"NOR","HOUSECOST","NOMINAL","IDX2015","Q","2007-Q4",71.2176238671222,
"NOR","HOUSECOST","NOMINAL","IDX2015","Q","2008-Q1",71.1648821002947,
"NOR","HOUSECOST","NOMINAL","IDX2015","Q","2008-Q2",70.5792487055736,
"NOR","HOUSECOST","NOMINAL","IDX2015","Q","2008-Q3",69.3824572877964,
"NOR","HOUSECOST","NOMINAL","IDX2015","Q","2008-Q4",66.2734119063351,
"NOR","HOUSECOST","NOMINAL","IDX2015","Q","2009-Q1",67.5388805716245,
"NOR","HOUSECOST","NOMINAL","IDX2015","Q","2009-Q2",69.3949403313196,
"NOR","HOUSECOST","NOMINAL","IDX2015","Q","2009-Q3",71.9537514047034,
"NOR","HOUSECOST","NOMINAL","IDX2015","Q","2009-Q4",73.8124276923524,
"NOR","HOUSECOST","NOMINAL","IDX2015","Q","2010-Q1",74.7518992505243,
"NOR","HOUSECOST","NOMINAL","IDX2015","Q","2010-Q2",75.7986892386102,
"NOR","HOUSECOST","NOMINAL","IDX2015","Q","2010-Q3",76.8013728757907,
"NOR","HOUSECOST","NOMINAL","IDX2015","Q","2010-Q4",78.5480386350744,
"NOR","HOUSECOST","NOMINAL","IDX2015","Q","2011-Q1",81.0126486941762,
"NOR","HOUSECOST","NOMINAL","IDX2015","Q","2011-Q2",81.4702990589717,
"NOR","HOUSECOST","NOMINAL","IDX2015","Q","2011-Q3",83.1891257225458,
"NOR","HOUSECOST","NOMINAL","IDX2015","Q","2011-Q4",84.727926524306,
"NOR","HOUSECOST","NOMINAL","IDX2015","Q","2012-Q1",86.0818475149473,
"NOR","HOUSECOST","NOMINAL","IDX2015","Q","2012-Q2",87.1081557826964,
"NOR","HOUSECOST","NOMINAL","IDX2015","Q","2012-Q3",89.0464952336672,
"NOR","HOUSECOST","NOMINAL","IDX2015","Q","2012-Q4",90.5635014686886,
"NOR","HOUSECOST","NOMINAL","IDX2015","Q","2013-Q1",91.5283260269015,
"NOR","HOUSECOST","NOMINAL","IDX2015","Q","2013-Q2",92.1340650001555,
"NOR","HOUSECOST","NOMINAL","IDX2015","Q","2013-Q3",91.8077224770809,
"NOR","HOUSECOST","NOMINAL","IDX2015","Q","2013-Q4",91.5298864958617,
"NOR","HOUSECOST","NOMINAL","IDX2015","Q","2014-Q1",91.818180014269,
"NOR","HOUSECOST","NOMINAL","IDX2015","Q","2014-Q2",93.4008633654938,
"NOR","HOUSECOST","NOMINAL","IDX2015","Q","2014-Q3",94.9243516137237,
"NOR","HOUSECOST","NOMINAL","IDX2015","Q","2014-Q4",96.8566050065131,
"NOR","HOUSECOST","NOMINAL","IDX2015","Q","2015-Q1",98.3646580365521,
"NOR","HOUSECOST","NOMINAL","IDX2015","Q","2015-Q2",99.650388544461,
"NOR","HOUSECOST","NOMINAL","IDX2015","Q","2015-Q3",100.711117749546,
"NOR","HOUSECOST","NOMINAL","IDX2015","Q","2015-Q4",101.273835669441,
"NOR","HOUSECOST","NOMINAL","IDX2015","Q","2016-Q1",102.746245157232,
"NOR","HOUSECOST","NOMINAL","IDX2015","Q","2016-Q2",105.189117968966,
"NOR","HOUSECOST","NOMINAL","IDX2015","Q","2016-Q3",108.692258432586,
"NOR","HOUSECOST","NOMINAL","IDX2015","Q","2016-Q4",111.472378441216,
"NOR","HOUSECOST","NOMINAL","IDX2015","Q","2017-Q1",113.085665708523,
"NOR","HOUSECOST","NOMINAL","IDX2015","Q","2017-Q2",112.518502078919,
"NOR","HOUSECOST","NOMINAL","IDX2015","Q","2017-Q3",111.48141734267,
"NOR","HOUSECOST","NOMINAL","IDX2015","Q","2017-Q4",112.314414880758,
"NOR","HOUSECOST","NOMINAL","IDX2015","Q","2018-Q1",111.893094508285,
"NOR","HOUSECOST","NOMINAL","IDX2015","Q","2018-Q2",114.386035157995,
"NOR","HOUSECOST","PRICEINCOME","IDX2015","Q","1978-Q1",73.5563778601842,
"NOR","HOUSECOST","PRICEINCOME","IDX2015","Q","1978-Q2",72.90295543095,
"NOR","HOUSECOST","PRICEINCOME","IDX2015","Q","1978-Q3",73.514629045882,
"NOR","HOUSECOST","PRICEINCOME","IDX2015","Q","1978-Q4",72.4248760190549,
"NOR","HOUSECOST","PRICEINCOME","IDX2015","Q","1979-Q1",74.1667492132967,
"NOR","HOUSECOST","PRICEINCOME","IDX2015","Q","1979-Q2",73.1876537962213,
"NOR","HOUSECOST","PRICEINCOME","IDX2015","Q","1979-Q3",72.1846981434131,
"NOR","HOUSECOST","PRICEINCOME","IDX2015","Q","1979-Q4",71.36716885758,
"NOR","HOUSECOST","PRICEINCOME","IDX2015","Q","1980-Q1",72.0561415899368,
"NOR","HOUSECOST","PRICEINCOME","IDX2015","Q","1980-Q2",71.8475562566414,
"NOR","HOUSECOST","PRICEINCOME","IDX2015","Q","1980-Q3",70.6419270194236,
"NOR","HOUSECOST","PRICEINCOME","IDX2015","Q","1980-Q4",69.9975075884988,
"NOR","HOUSECOST","PRICEINCOME","IDX2015","Q","1981-Q1",68.6856653666473,
"NOR","HOUSECOST","PRICEINCOME","IDX2015","Q","1981-Q2",67.8450139369249,
"NOR","HOUSECOST","PRICEINCOME","IDX2015","Q","1981-Q3",67.3717755408746,
"NOR","HOUSECOST","PRICEINCOME","IDX2015","Q","1981-Q4",66.8854868712885,
"NOR","HOUSECOST","PRICEINCOME","IDX2015","Q","1982-Q1",66.7231917459313,
"NOR","HOUSECOST","PRICEINCOME","IDX2015","Q","1982-Q2",67.0151164396111,
"NOR","HOUSECOST","PRICEINCOME","IDX2015","Q","1982-Q3",66.8281454683509,
"NOR","HOUSECOST","PRICEINCOME","IDX2015","Q","1982-Q4",65.8960728315068,
"NOR","HOUSECOST","PRICEINCOME","IDX2015","Q","1983-Q1",66.6296399643526,
"NOR","HOUSECOST","PRICEINCOME","IDX2015","Q","1983-Q2",65.8966539247122,
"NOR","HOUSECOST","PRICEINCOME","IDX2015","Q","1983-Q3",64.5835614475632,
"NOR","HOUSECOST","PRICEINCOME","IDX2015","Q","1983-Q4",62.9989993790168,
"NOR","HOUSECOST","PRICEINCOME","IDX2015","Q","1984-Q1",64.5238813944868,
"NOR","HOUSECOST","PRICEINCOME","IDX2015","Q","1984-Q2",66.2942683606284,
"NOR","HOUSECOST","PRICEINCOME","IDX2015","Q","1984-Q3",68.7499668677735,
"NOR","HOUSECOST","PRICEINCOME","IDX2015","Q","1984-Q4",71.1080419107396,
"NOR","HOUSECOST","PRICEINCOME","IDX2015","Q","1985-Q1",72.9126895540317,
"NOR","HOUSECOST","PRICEINCOME","IDX2015","Q","1985-Q2",73.2700204968129,
"NOR","HOUSECOST","PRICEINCOME","IDX2015","Q","1985-Q3",76.2784101711633,
"NOR","HOUSECOST","PRICEINCOME","IDX2015","Q","1985-Q4",81.2996294075261,
"NOR","HOUSECOST","PRICEINCOME","IDX2015","Q","1986-Q1",87.6876390881993,
"NOR","HOUSECOST","PRICEINCOME","IDX2015","Q","1986-Q2",91.3647428198584,
"NOR","HOUSECOST","PRICEINCOME","IDX2015","Q","1986-Q3",93.4777296072266,
"NOR","HOUSECOST","PRICEINCOME","IDX2015","Q","1986-Q4",94.1273812039478,
"NOR","HOUSECOST","PRICEINCOME","IDX2015","Q","1987-Q1",87.7645427285873,
"NOR","HOUSECOST","PRICEINCOME","IDX2015","Q","1987-Q2",94.3506404319817,
"NOR","HOUSECOST","PRICEINCOME","IDX2015","Q","1987-Q3",92.4536357727883,
"NOR","HOUSECOST","PRICEINCOME","IDX2015","Q","1987-Q4",93.4498223097412,
"NOR","HOUSECOST","PRICEINCOME","IDX2015","Q","1988-Q1",91.7850001532684,
"NOR","HOUSECOST","PRICEINCOME","IDX2015","Q","1988-Q2",90.7055635326941,
"NOR","HOUSECOST","PRICEINCOME","IDX2015","Q","1988-Q3",89.9045697978868,
"NOR","HOUSECOST","PRICEINCOME","IDX2015","Q","1988-Q4",88.2985138407214,
"NOR","HOUSECOST","PRICEINCOME","IDX2015","Q","1989-Q1",85.3514107556701,
"NOR","HOUSECOST","PRICEINCOME","IDX2015","Q","1989-Q2",81.462147983277,
"NOR","HOUSECOST","PRICEINCOME","IDX2015","Q","1989-Q3",76.2578769668678,
"NOR","HOUSECOST","PRICEINCOME","IDX2015","Q","1989-Q4",74.2284920801886,
"NOR","HOUSECOST","PRICEINCOME","IDX2015","Q","1990-Q1",72.6702462540096,
"NOR","HOUSECOST","PRICEINCOME","IDX2015","Q","1990-Q2",70.9923024024128,
"NOR","HOUSECOST","PRICEINCOME","IDX2015","Q","1990-Q3",68.0967485081864,
"NOR","HOUSECOST","PRICEINCOME","IDX2015","Q","1990-Q4",64.5620319251855,
"NOR","HOUSECOST","PRICEINCOME","IDX2015","Q","1991-Q1",63.4106129970405,
"NOR","HOUSECOST","PRICEINCOME","IDX2015","Q","1991-Q2",61.5343609511908,
"NOR","HOUSECOST","PRICEINCOME","IDX2015","Q","1991-Q3",59.772386572907,
"NOR","HOUSECOST","PRICEINCOME","IDX2015","Q","1991-Q4",58.5388656403338,
"NOR","HOUSECOST","PRICEINCOME","IDX2015","Q","1992-Q1",56.3892940815553,
"NOR","HOUSECOST","PRICEINCOME","IDX2015","Q","1992-Q2",54.947980098315,
"NOR","HOUSECOST","PRICEINCOME","IDX2015","Q","1992-Q3",54.0383169623259,
"NOR","HOUSECOST","PRICEINCOME","IDX2015","Q","1992-Q4",52.6384040733146,
"NOR","HOUSECOST","PRICEINCOME","IDX2015","Q","1993-Q1",50.3932125192255,
"NOR","HOUSECOST","PRICEINCOME","IDX2015","Q","1993-Q2",51.1743303257229,
"NOR","HOUSECOST","PRICEINCOME","IDX2015","Q","1993-Q3",52.0946922714733,
"NOR","HOUSECOST","PRICEINCOME","IDX2015","Q","1993-Q4",53.9268729944934,
"NOR","HOUSECOST","PRICEINCOME","IDX2015","Q","1994-Q1",56.5678783733339,
"NOR","HOUSECOST","PRICEINCOME","IDX2015","Q","1994-Q2",56.3689234559901,
"NOR","HOUSECOST","PRICEINCOME","IDX2015","Q","1994-Q3",57.8341662731238,
"NOR","HOUSECOST","PRICEINCOME","IDX2015","Q","1994-Q4",57.6041729769676,
"NOR","HOUSECOST","PRICEINCOME","IDX2015","Q","1995-Q1",57.4320385788539,
"NOR","HOUSECOST","PRICEINCOME","IDX2015","Q","1995-Q2",58.2258533938523,
"NOR","HOUSECOST","PRICEINCOME","IDX2015","Q","1995-Q3",58.8959138916429,
"NOR","HOUSECOST","PRICEINCOME","IDX2015","Q","1995-Q4",59.617531801685,
"NOR","HOUSECOST","PRICEINCOME","IDX2015","Q","1996-Q1",59.7996829941788,
"NOR","HOUSECOST","PRICEINCOME","IDX2015","Q","1996-Q2",60.3219453190046,
"NOR","HOUSECOST","PRICEINCOME","IDX2015","Q","1996-Q3",61.221237277562,
"NOR","HOUSECOST","PRICEINCOME","IDX2015","Q","1996-Q4",62.4242616413941,
"NOR","HOUSECOST","PRICEINCOME","IDX2015","Q","1997-Q1",63.1844214277366,
"NOR","HOUSECOST","PRICEINCOME","IDX2015","Q","1997-Q2",63.96887843276,
"NOR","HOUSECOST","PRICEINCOME","IDX2015","Q","1997-Q3",64.8768209311549,
"NOR","HOUSECOST","PRICEINCOME","IDX2015","Q","1997-Q4",65.5634862205844,
"NOR","HOUSECOST","PRICEINCOME","IDX2015","Q","1998-Q1",66.8941357662117,
"NOR","HOUSECOST","PRICEINCOME","IDX2015","Q","1998-Q2",67.094800071481,
"NOR","HOUSECOST","PRICEINCOME","IDX2015","Q","1998-Q3",66.5825632860699,
"NOR","HOUSECOST","PRICEINCOME","IDX2015","Q","1998-Q4",64.9267498441121,
"NOR","HOUSECOST","PRICEINCOME","IDX2015","Q","1999-Q1",67.578574584173,
"NOR","HOUSECOST","PRICEINCOME","IDX2015","Q","1999-Q2",69.0458823689236,
"NOR","HOUSECOST","PRICEINCOME","IDX2015","Q","1999-Q3",71.9829205438927,
"NOR","HOUSECOST","PRICEINCOME","IDX2015","Q","1999-Q4",74.4476047739658,
"NOR","HOUSECOST","PRICEINCOME","IDX2015","Q","2000-Q1",75.6525091060359,
"NOR","HOUSECOST","PRICEINCOME","IDX2015","Q","2000-Q2",77.5703071054109,
"NOR","HOUSECOST","PRICEINCOME","IDX2015","Q","2000-Q3",77.4306852290372,
"NOR","HOUSECOST","PRICEINCOME","IDX2015","Q","2000-Q4",78.7131458932542,
"NOR","HOUSECOST","PRICEINCOME","IDX2015","Q","2001-Q1",80.7577502215226,
"NOR","HOUSECOST","PRICEINCOME","IDX2015","Q","2001-Q2",81.643442417748,
"NOR","HOUSECOST","PRICEINCOME","IDX2015","Q","2001-Q3",83.0704499197235,
"NOR","HOUSECOST","PRICEINCOME","IDX2015","Q","2001-Q4",81.3888905168793,
"NOR","HOUSECOST","PRICEINCOME","IDX2015","Q","2002-Q1",80.991918157023,
"NOR","HOUSECOST","PRICEINCOME","IDX2015","Q","2002-Q2",80.0923503783558,
"NOR","HOUSECOST","PRICEINCOME","IDX2015","Q","2002-Q3",76.9894091718666,
"NOR","HOUSECOST","PRICEINCOME","IDX2015","Q","2002-Q4",76.2232569878763,
"NOR","HOUSECOST","PRICEINCOME","IDX2015","Q","2003-Q1",74.4690975921184,
"NOR","HOUSECOST","PRICEINCOME","IDX2015","Q","2003-Q2",73.6318458669927,
"NOR","HOUSECOST","PRICEINCOME","IDX2015","Q","2003-Q3",74.221217458883,
"NOR","HOUSECOST","PRICEINCOME","IDX2015","Q","2003-Q4",76.2182860555544,
"NOR","HOUSECOST","PRICEINCOME","IDX2015","Q","2004-Q1",81.2510223469531,
"NOR","HOUSECOST","PRICEINCOME","IDX2015","Q","2004-Q2",79.0272658280738,
"NOR","HOUSECOST","PRICEINCOME","IDX2015","Q","2004-Q3",78.3095612668656,
"NOR","HOUSECOST","PRICEINCOME","IDX2015","Q","2004-Q4",77.9978898951584,
"NOR","HOUSECOST","PRICEINCOME","IDX2015","Q","2005-Q1",74.2402175112207,
"NOR","HOUSECOST","PRICEINCOME","IDX2015","Q","2005-Q2",76.2849927042797,
"NOR","HOUSECOST","PRICEINCOME","IDX2015","Q","2005-Q3",80.7800727289067,
"NOR","HOUSECOST","PRICEINCOME","IDX2015","Q","2005-Q4",83.95253182229,
"NOR","HOUSECOST","PRICEINCOME","IDX2015","Q","2006-Q1",90.9235136312536,
"NOR","HOUSECOST","PRICEINCOME","IDX2015","Q","2006-Q2",93.9667740775016,
"NOR","HOUSECOST","PRICEINCOME","IDX2015","Q","2006-Q3",96.3544924685319,
"NOR","HOUSECOST","PRICEINCOME","IDX2015","Q","2006-Q4",97.9975121521507,
"NOR","HOUSECOST","PRICEINCOME","IDX2015","Q","2007-Q1",99.8144230771714,
"NOR","HOUSECOST","PRICEINCOME","IDX2015","Q","2007-Q2",100.728519338596,
"NOR","HOUSECOST","PRICEINCOME","IDX2015","Q","2007-Q3",100.424264146774,
"NOR","HOUSECOST","PRICEINCOME","IDX2015","Q","2007-Q4",100.953800142374,
"NOR","HOUSECOST","PRICEINCOME","IDX2015","Q","2008-Q1",98.3578420854773,
"NOR","HOUSECOST","PRICEINCOME","IDX2015","Q","2008-Q2",96.2054275148343,
"NOR","HOUSECOST","PRICEINCOME","IDX2015","Q","2008-Q3",93.9560958041834,
"NOR","HOUSECOST","PRICEINCOME","IDX2015","Q","2008-Q4",88.0763065227191,
"NOR","HOUSECOST","PRICEINCOME","IDX2015","Q","2009-Q1",90.672605042257,
"NOR","HOUSECOST","PRICEINCOME","IDX2015","Q","2009-Q2",91.4562738966695,
"NOR","HOUSECOST","PRICEINCOME","IDX2015","Q","2009-Q3",92.5896056647845,
"NOR","HOUSECOST","PRICEINCOME","IDX2015","Q","2009-Q4",92.5515053290528,
"NOR","HOUSECOST","PRICEINCOME","IDX2015","Q","2010-Q1",94.5510991327052,
"NOR","HOUSECOST","PRICEINCOME","IDX2015","Q","2010-Q2",96.1026478194799,
"NOR","HOUSECOST","PRICEINCOME","IDX2015","Q","2010-Q3",96.6350480681463,
"NOR","HOUSECOST","PRICEINCOME","IDX2015","Q","2010-Q4",97.978167017236,
"NOR","HOUSECOST","PRICEINCOME","IDX2015","Q","2011-Q1",99.6170633446185,
"NOR","HOUSECOST","PRICEINCOME","IDX2015","Q","2011-Q2",100.056591732192,
"NOR","HOUSECOST","PRICEINCOME","IDX2015","Q","2011-Q3",99.9044034955333,
"NOR","HOUSECOST","PRICEINCOME","IDX2015","Q","2011-Q4",101.044490548801,
"NOR","HOUSECOST","PRICEINCOME","IDX2015","Q","2012-Q1",100.782221172981,
"NOR","HOUSECOST","PRICEINCOME","IDX2015","Q","2012-Q2",101.855156026291,
"NOR","HOUSECOST","PRICEINCOME","IDX2015","Q","2012-Q3",104.184426722716,
"NOR","HOUSECOST","PRICEINCOME","IDX2015","Q","2012-Q4",104.051382821514,
"NOR","HOUSECOST","PRICEINCOME","IDX2015","Q","2013-Q1",103.608378912123,
"NOR","HOUSECOST","PRICEINCOME","IDX2015","Q","2013-Q2",102.636315999297,
"NOR","HOUSECOST","PRICEINCOME","IDX2015","Q","2013-Q3",101.520610588758,
"NOR","HOUSECOST","PRICEINCOME","IDX2015","Q","2013-Q4",100.207284872874,
"NOR","HOUSECOST","PRICEINCOME","IDX2015","Q","2014-Q1",100.665156309987,
"NOR","HOUSECOST","PRICEINCOME","IDX2015","Q","2014-Q2",100.644835425674,
"NOR","HOUSECOST","PRICEINCOME","IDX2015","Q","2014-Q3",100.714689848808,
"NOR","HOUSECOST","PRICEINCOME","IDX2015","Q","2014-Q4",100.92727334584,
"NOR","HOUSECOST","PRICEINCOME","IDX2015","Q","2015-Q1",98.9324366860723,
"NOR","HOUSECOST","PRICEINCOME","IDX2015","Q","2015-Q2",99.5735949160984,
"NOR","HOUSECOST","PRICEINCOME","IDX2015","Q","2015-Q3",100.619906096364,
"NOR","HOUSECOST","PRICEINCOME","IDX2015","Q","2015-Q4",100.874062301465,
"NOR","HOUSECOST","PRICEINCOME","IDX2015","Q","2016-Q1",102.595133193166,
"NOR","HOUSECOST","PRICEINCOME","IDX2015","Q","2016-Q2",105.126262516679,
"NOR","HOUSECOST","PRICEINCOME","IDX2015","Q","2016-Q3",108.496766838698,
"NOR","HOUSECOST","PRICEINCOME","IDX2015","Q","2016-Q4",110.245206817674,
"NOR","HOUSECOST","PRICEINCOME","IDX2015","Q","2017-Q1",111.446992957259,
"NOR","HOUSECOST","PRICEINCOME","IDX2015","Q","2017-Q2",109.687996135246,
"NOR","HOUSECOST","PRICEINCOME","IDX2015","Q","2017-Q3",107.321399858071,
"NOR","HOUSECOST","PRICEINCOME","IDX2015","Q","2017-Q4",106.944662643572,
"NOR","HOUSECOST","PRICEINCOME","IDX2015","Q","2018-Q1",105.686988089817,
"NOR","HOUSECOST","PRICEINCOME","IDX2015","Q","2018-Q2",106.950007683836,
"NOR","HOUSECOST","PRICERENT","IDX2015","Q","1979-Q1",37.3907751483159,
"NOR","HOUSECOST","PRICERENT","IDX2015","Q","1979-Q2",38.0483888343558,
"NOR","HOUSECOST","PRICERENT","IDX2015","Q","1979-Q3",38.242489328678,
"NOR","HOUSECOST","PRICERENT","IDX2015","Q","1979-Q4",38.3532607889818,
"NOR","HOUSECOST","PRICERENT","IDX2015","Q","1980-Q1",38.8829762468831,
"NOR","HOUSECOST","PRICERENT","IDX2015","Q","1980-Q2",39.4638408520373,
"NOR","HOUSECOST","PRICERENT","IDX2015","Q","1980-Q3",39.3766336021572,
"NOR","HOUSECOST","PRICERENT","IDX2015","Q","1980-Q4",39.4492547262611,
"NOR","HOUSECOST","PRICERENT","IDX2015","Q","1981-Q1",39.2742733688943,
"NOR","HOUSECOST","PRICERENT","IDX2015","Q","1981-Q2",39.0611000657059,
"NOR","HOUSECOST","PRICERENT","IDX2015","Q","1981-Q3",38.8869410718084,
"NOR","HOUSECOST","PRICERENT","IDX2015","Q","1981-Q4",38.5860414013866,
"NOR","HOUSECOST","PRICERENT","IDX2015","Q","1982-Q1",38.3902375935649,
"NOR","HOUSECOST","PRICERENT","IDX2015","Q","1982-Q2",37.81719466408,
"NOR","HOUSECOST","PRICERENT","IDX2015","Q","1982-Q3",37.7041824816213,
"NOR","HOUSECOST","PRICERENT","IDX2015","Q","1982-Q4",37.3315019487303,
"NOR","HOUSECOST","PRICERENT","IDX2015","Q","1983-Q1",37.7270364421488,
"NOR","HOUSECOST","PRICERENT","IDX2015","Q","1983-Q2",37.3626699879186,
"NOR","HOUSECOST","PRICERENT","IDX2015","Q","1983-Q3",36.8114431984553,
"NOR","HOUSECOST","PRICERENT","IDX2015","Q","1983-Q4",36.1246311882963,
"NOR","HOUSECOST","PRICERENT","IDX2015","Q","1984-Q1",37.0786879521973,
"NOR","HOUSECOST","PRICERENT","IDX2015","Q","1984-Q2",38.3388346456726,
"NOR","HOUSECOST","PRICERENT","IDX2015","Q","1984-Q3",40.0499762351102,
"NOR","HOUSECOST","PRICERENT","IDX2015","Q","1984-Q4",41.7488348416227,
"NOR","HOUSECOST","PRICERENT","IDX2015","Q","1985-Q1",42.5652564609527,
"NOR","HOUSECOST","PRICERENT","IDX2015","Q","1985-Q2",43.4294141036122,
"NOR","HOUSECOST","PRICERENT","IDX2015","Q","1985-Q3",45.7205634133058,
"NOR","HOUSECOST","PRICERENT","IDX2015","Q","1985-Q4",49.1888702785921,
"NOR","HOUSECOST","PRICERENT","IDX2015","Q","1986-Q1",53.1073765153098,
"NOR","HOUSECOST","PRICERENT","IDX2015","Q","1986-Q2",56.2290012107605,
"NOR","HOUSECOST","PRICERENT","IDX2015","Q","1986-Q3",58.163355399989,
"NOR","HOUSECOST","PRICERENT","IDX2015","Q","1986-Q4",58.7762806366143,
"NOR","HOUSECOST","PRICERENT","IDX2015","Q","1987-Q1",55.5918765538783,
"NOR","HOUSECOST","PRICERENT","IDX2015","Q","1987-Q2",59.362697279452,
"NOR","HOUSECOST","PRICERENT","IDX2015","Q","1987-Q3",57.4793525700749,
"NOR","HOUSECOST","PRICERENT","IDX2015","Q","1987-Q4",57.2451442234384,
"NOR","HOUSECOST","PRICERENT","IDX2015","Q","1988-Q1",57.2526684492108,
"NOR","HOUSECOST","PRICERENT","IDX2015","Q","1988-Q2",55.5794603615503,
"NOR","HOUSECOST","PRICERENT","IDX2015","Q","1988-Q3",54.6342417113017,
"NOR","HOUSECOST","PRICERENT","IDX2015","Q","1988-Q4",53.5538261256918,
"NOR","HOUSECOST","PRICERENT","IDX2015","Q","1989-Q1",51.6069166670637,
"NOR","HOUSECOST","PRICERENT","IDX2015","Q","1989-Q2",49.34314066069,
"NOR","HOUSECOST","PRICERENT","IDX2015","Q","1989-Q3",46.2363037547673,
"NOR","HOUSECOST","PRICERENT","IDX2015","Q","1989-Q4",45.090946864408,
"NOR","HOUSECOST","PRICERENT","IDX2015","Q","1990-Q1",43.8420150518556,
"NOR","HOUSECOST","PRICERENT","IDX2015","Q","1990-Q2",42.889245213264,
"NOR","HOUSECOST","PRICERENT","IDX2015","Q","1990-Q3",41.2994755288582,
"NOR","HOUSECOST","PRICERENT","IDX2015","Q","1990-Q4",39.3609981699782,
"NOR","HOUSECOST","PRICERENT","IDX2015","Q","1991-Q1",38.8017752066821,
"NOR","HOUSECOST","PRICERENT","IDX2015","Q","1991-Q2",37.7672201792458,
"NOR","HOUSECOST","PRICERENT","IDX2015","Q","1991-Q3",36.8761226739966,
"NOR","HOUSECOST","PRICERENT","IDX2015","Q","1991-Q4",36.2450296732983,
"NOR","HOUSECOST","PRICERENT","IDX2015","Q","1992-Q1",35.2575816997015,
"NOR","HOUSECOST","PRICERENT","IDX2015","Q","1992-Q2",34.4639284965539,
"NOR","HOUSECOST","PRICERENT","IDX2015","Q","1992-Q3",33.9948399954196,
"NOR","HOUSECOST","PRICERENT","IDX2015","Q","1992-Q4",33.2828171194789,
"NOR","HOUSECOST","PRICERENT","IDX2015","Q","1993-Q1",32.2107694693894,
"NOR","HOUSECOST","PRICERENT","IDX2015","Q","1993-Q2",32.9854731815763,
"NOR","HOUSECOST","PRICERENT","IDX2015","Q","1993-Q3",33.8174190077614,
"NOR","HOUSECOST","PRICERENT","IDX2015","Q","1993-Q4",35.2740576652486,
"NOR","HOUSECOST","PRICERENT","IDX2015","Q","1994-Q1",36.7616976874251,
"NOR","HOUSECOST","PRICERENT","IDX2015","Q","1994-Q2",37.1225432058462,
"NOR","HOUSECOST","PRICERENT","IDX2015","Q","1994-Q3",38.4407955456487,
"NOR","HOUSECOST","PRICERENT","IDX2015","Q","1994-Q4",38.6720777536881,
"NOR","HOUSECOST","PRICERENT","IDX2015","Q","1995-Q1",39.0911592894548,
"NOR","HOUSECOST","PRICERENT","IDX2015","Q","1995-Q2",39.5552261908713,
"NOR","HOUSECOST","PRICERENT","IDX2015","Q","1995-Q3",40.0984186345162,
"NOR","HOUSECOST","PRICERENT","IDX2015","Q","1995-Q4",40.9308963021759,
"NOR","HOUSECOST","PRICERENT","IDX2015","Q","1996-Q1",41.4767694691258,
"NOR","HOUSECOST","PRICERENT","IDX2015","Q","1996-Q2",41.9606880237506,
"NOR","HOUSECOST","PRICERENT","IDX2015","Q","1996-Q3",43.0947457156419,
"NOR","HOUSECOST","PRICERENT","IDX2015","Q","1996-Q4",44.5525954575279,
"NOR","HOUSECOST","PRICERENT","IDX2015","Q","1997-Q1",45.1998332558565,
"NOR","HOUSECOST","PRICERENT","IDX2015","Q","1997-Q2",46.4368266649584,
"NOR","HOUSECOST","PRICERENT","IDX2015","Q","1997-Q3",47.1063291248626,
"NOR","HOUSECOST","PRICERENT","IDX2015","Q","1997-Q4",48.2389145846776,
"NOR","HOUSECOST","PRICERENT","IDX2015","Q","1998-Q1",49.9835097876558,
"NOR","HOUSECOST","PRICERENT","IDX2015","Q","1998-Q2",50.9896841261956,
"NOR","HOUSECOST","PRICERENT","IDX2015","Q","1998-Q3",51.4035345372497,
"NOR","HOUSECOST","PRICERENT","IDX2015","Q","1998-Q4",50.6658027943233,
"NOR","HOUSECOST","PRICERENT","IDX2015","Q","1999-Q1",51.9020108318341,
"NOR","HOUSECOST","PRICERENT","IDX2015","Q","1999-Q2",53.417181670435,
"NOR","HOUSECOST","PRICERENT","IDX2015","Q","1999-Q3",55.7586893754309,
"NOR","HOUSECOST","PRICERENT","IDX2015","Q","1999-Q4",58.3359878947092,
"NOR","HOUSECOST","PRICERENT","IDX2015","Q","2000-Q1",60.2481440436609,
"NOR","HOUSECOST","PRICERENT","IDX2015","Q","2000-Q2",61.848926574115,
"NOR","HOUSECOST","PRICERENT","IDX2015","Q","2000-Q3",61.1639969353677,
"NOR","HOUSECOST","PRICERENT","IDX2015","Q","2000-Q4",61.4867802172063,
"NOR","HOUSECOST","PRICERENT","IDX2015","Q","2001-Q1",61.8723726054564,
"NOR","HOUSECOST","PRICERENT","IDX2015","Q","2001-Q2",62.5238940755979,
"NOR","HOUSECOST","PRICERENT","IDX2015","Q","2001-Q3",63.8130005845653,
"NOR","HOUSECOST","PRICERENT","IDX2015","Q","2001-Q4",63.6932722507269,
"NOR","HOUSECOST","PRICERENT","IDX2015","Q","2002-Q1",63.5801325675319,
"NOR","HOUSECOST","PRICERENT","IDX2015","Q","2002-Q2",63.9034455199264,
"NOR","HOUSECOST","PRICERENT","IDX2015","Q","2002-Q3",62.8983813480772,
"NOR","HOUSECOST","PRICERENT","IDX2015","Q","2002-Q4",62.8482977445737,
"NOR","HOUSECOST","PRICERENT","IDX2015","Q","2003-Q1",62.0200163882646,
"NOR","HOUSECOST","PRICERENT","IDX2015","Q","2003-Q2",60.8653336828225,
"NOR","HOUSECOST","PRICERENT","IDX2015","Q","2003-Q3",61.6916440495911,
"NOR","HOUSECOST","PRICERENT","IDX2015","Q","2003-Q4",62.9733623668375,
"NOR","HOUSECOST","PRICERENT","IDX2015","Q","2004-Q1",65.8439105399627,
"NOR","HOUSECOST","PRICERENT","IDX2015","Q","2004-Q2",66.0266871086062,
"NOR","HOUSECOST","PRICERENT","IDX2015","Q","2004-Q3",67.0191402287295,
"NOR","HOUSECOST","PRICERENT","IDX2015","Q","2004-Q4",68.4724922332694,
"NOR","HOUSECOST","PRICERENT","IDX2015","Q","2005-Q1",69.2459200121608,
"NOR","HOUSECOST","PRICERENT","IDX2015","Q","2005-Q2",70.2118480417158,
"NOR","HOUSECOST","PRICERENT","IDX2015","Q","2005-Q3",71.5142472442304,
"NOR","HOUSECOST","PRICERENT","IDX2015","Q","2005-Q4",72.7313227657933,
"NOR","HOUSECOST","PRICERENT","IDX2015","Q","2006-Q1",74.874390562646,
"NOR","HOUSECOST","PRICERENT","IDX2015","Q","2006-Q2",77.2121452300734,
"NOR","HOUSECOST","PRICERENT","IDX2015","Q","2006-Q3",80.3005534028498,
"NOR","HOUSECOST","PRICERENT","IDX2015","Q","2006-Q4",83.0006113368766,
"NOR","HOUSECOST","PRICERENT","IDX2015","Q","2007-Q1",85.6867768872055,
"NOR","HOUSECOST","PRICERENT","IDX2015","Q","2007-Q2",87.3071885899178,
"NOR","HOUSECOST","PRICERENT","IDX2015","Q","2007-Q3",87.8339065426349,
"NOR","HOUSECOST","PRICERENT","IDX2015","Q","2007-Q4",87.6047981678349,
"NOR","HOUSECOST","PRICERENT","IDX2015","Q","2008-Q1",86.9556582279515,
"NOR","HOUSECOST","PRICERENT","IDX2015","Q","2008-Q2",85.4203627935629,
"NOR","HOUSECOST","PRICERENT","IDX2015","Q","2008-Q3",83.3782873049386,
"NOR","HOUSECOST","PRICERENT","IDX2015","Q","2008-Q4",79.0186041970495,
"NOR","HOUSECOST","PRICERENT","IDX2015","Q","2009-Q1",79.618967840507,
"NOR","HOUSECOST","PRICERENT","IDX2015","Q","2009-Q2",81.1254586844741,
"NOR","HOUSECOST","PRICERENT","IDX2015","Q","2009-Q3",83.4766938731563,
"NOR","HOUSECOST","PRICERENT","IDX2015","Q","2009-Q4",85.4435044764601,
"NOR","HOUSECOST","PRICERENT","IDX2015","Q","2010-Q1",85.4236828868561,
"NOR","HOUSECOST","PRICERENT","IDX2015","Q","2010-Q2",86.2450025352906,
"NOR","HOUSECOST","PRICERENT","IDX2015","Q","2010-Q3",86.9047371497556,
"NOR","HOUSECOST","PRICERENT","IDX2015","Q","2010-Q4",88.3061772378238,
"NOR","HOUSECOST","PRICERENT","IDX2015","Q","2011-Q1",90.5216885965053,
"NOR","HOUSECOST","PRICERENT","IDX2015","Q","2011-Q2",90.6655994589356,
"NOR","HOUSECOST","PRICERENT","IDX2015","Q","2011-Q3",92.0181863625579,
"NOR","HOUSECOST","PRICERENT","IDX2015","Q","2011-Q4",93.2160949957458,
"NOR","HOUSECOST","PRICERENT","IDX2015","Q","2012-Q1",94.4446734084627,
"NOR","HOUSECOST","PRICERENT","IDX2015","Q","2012-Q2",95.096348229979,
"NOR","HOUSECOST","PRICERENT","IDX2015","Q","2012-Q3",96.703773972783,
"NOR","HOUSECOST","PRICERENT","IDX2015","Q","2012-Q4",97.6679009810316,
"NOR","HOUSECOST","PRICERENT","IDX2015","Q","2013-Q1",97.7686048414893,
"NOR","HOUSECOST","PRICERENT","IDX2015","Q","2013-Q2",97.5833844133604,
"NOR","HOUSECOST","PRICERENT","IDX2015","Q","2013-Q3",96.5483235435028,
"NOR","HOUSECOST","PRICERENT","IDX2015","Q","2013-Q4",95.4790630718879,
"NOR","HOUSECOST","PRICERENT","IDX2015","Q","2014-Q1",95.4425313711417,
"NOR","HOUSECOST","PRICERENT","IDX2015","Q","2014-Q2",96.3775427930615,
"NOR","HOUSECOST","PRICERENT","IDX2015","Q","2014-Q3",97.1631822424573,
"NOR","HOUSECOST","PRICERENT","IDX2015","Q","2014-Q4",98.4206717448388,
"NOR","HOUSECOST","PRICERENT","IDX2015","Q","2015-Q1",99.2156390681754,
"NOR","HOUSECOST","PRICERENT","IDX2015","Q","2015-Q2",99.8762308680768,
"NOR","HOUSECOST","PRICERENT","IDX2015","Q","2015-Q3",100.383690912491,
"NOR","HOUSECOST","PRICERENT","IDX2015","Q","2015-Q4",100.524439151256,
"NOR","HOUSECOST","PRICERENT","IDX2015","Q","2016-Q1",101.640319797272,
"NOR","HOUSECOST","PRICERENT","IDX2015","Q","2016-Q2",103.480949076201,
"NOR","HOUSECOST","PRICERENT","IDX2015","Q","2016-Q3",106.351464245965,
"NOR","HOUSECOST","PRICERENT","IDX2015","Q","2016-Q4",108.490563389676,
"NOR","HOUSECOST","PRICERENT","IDX2015","Q","2017-Q1",109.349176366605,
"NOR","HOUSECOST","PRICERENT","IDX2015","Q","2017-Q2",108.361218391633,
"NOR","HOUSECOST","PRICERENT","IDX2015","Q","2017-Q3",106.894154159839,
"NOR","HOUSECOST","PRICERENT","IDX2015","Q","2017-Q4",107.159442812478,
"NOR","HOUSECOST","PRICERENT","IDX2015","Q","2018-Q1",106.344349071056,
"NOR","HOUSECOST","PRICERENT","IDX2015","Q","2018-Q2",108.224016229877,
"NOR","HOUSECOST","REAL","IDX2015","Q","1970-Q1",31.5301298986621,
"NOR","HOUSECOST","REAL","IDX2015","Q","1970-Q2",31.6591182586535,
"NOR","HOUSECOST","REAL","IDX2015","Q","1970-Q3",31.6910830393704,
"NOR","HOUSECOST","REAL","IDX2015","Q","1970-Q4",31.6585691300273,
"NOR","HOUSECOST","REAL","IDX2015","Q","1971-Q1",31.0051149711592,
"NOR","HOUSECOST","REAL","IDX2015","Q","1971-Q2",30.6942722092423,
"NOR","HOUSECOST","REAL","IDX2015","Q","1971-Q3",30.7906793182017,
"NOR","HOUSECOST","REAL","IDX2015","Q","1971-Q4",30.6196812813098,
"NOR","HOUSECOST","REAL","IDX2015","Q","1972-Q1",30.8663646256909,
"NOR","HOUSECOST","REAL","IDX2015","Q","1972-Q2",30.3802064741515,
"NOR","HOUSECOST","REAL","IDX2015","Q","1972-Q3",30.1341760574582,
"NOR","HOUSECOST","REAL","IDX2015","Q","1972-Q4",29.969729758804,
"NOR","HOUSECOST","REAL","IDX2015","Q","1973-Q1",30.1467528713361,
"NOR","HOUSECOST","REAL","IDX2015","Q","1973-Q2",30.7103176940884,
"NOR","HOUSECOST","REAL","IDX2015","Q","1973-Q3",30.9131850851986,
"NOR","HOUSECOST","REAL","IDX2015","Q","1973-Q4",31.4706366333744,
"NOR","HOUSECOST","REAL","IDX2015","Q","1974-Q1",31.7914659677298,
"NOR","HOUSECOST","REAL","IDX2015","Q","1974-Q2",32.4208159024156,
"NOR","HOUSECOST","REAL","IDX2015","Q","1974-Q3",32.8175555795754,
"NOR","HOUSECOST","REAL","IDX2015","Q","1974-Q4",32.9318910248135,
"NOR","HOUSECOST","REAL","IDX2015","Q","1975-Q1",33.0872897549868,
"NOR","HOUSECOST","REAL","IDX2015","Q","1975-Q2",32.6077448603981,
"NOR","HOUSECOST","REAL","IDX2015","Q","1975-Q3",32.4529499244834,
"NOR","HOUSECOST","REAL","IDX2015","Q","1975-Q4",32.60700120491,
"NOR","HOUSECOST","REAL","IDX2015","Q","1976-Q1",32.1095802562244,
"NOR","HOUSECOST","REAL","IDX2015","Q","1976-Q2",32.9647538784251,
"NOR","HOUSECOST","REAL","IDX2015","Q","1976-Q3",33.0250915474884,
"NOR","HOUSECOST","REAL","IDX2015","Q","1976-Q4",33.4303680152825,
"NOR","HOUSECOST","REAL","IDX2015","Q","1977-Q1",33.5159969201363,
"NOR","HOUSECOST","REAL","IDX2015","Q","1977-Q2",33.3516724858795,
"NOR","HOUSECOST","REAL","IDX2015","Q","1977-Q3",33.3694916545006,
"NOR","HOUSECOST","REAL","IDX2015","Q","1977-Q4",33.2450316322105,
"NOR","HOUSECOST","REAL","IDX2015","Q","1978-Q1",32.8357465339449,
"NOR","HOUSECOST","REAL","IDX2015","Q","1978-Q2",31.8571344228345,
"NOR","HOUSECOST","REAL","IDX2015","Q","1978-Q3",32.4223538692499,
"NOR","HOUSECOST","REAL","IDX2015","Q","1978-Q4",32.2754212738108,
"NOR","HOUSECOST","REAL","IDX2015","Q","1979-Q1",32.2332927314304,
"NOR","HOUSECOST","REAL","IDX2015","Q","1979-Q2",31.9544604119289,
"NOR","HOUSECOST","REAL","IDX2015","Q","1979-Q3",31.7756853644565,
"NOR","HOUSECOST","REAL","IDX2015","Q","1979-Q4",31.7691891046671,
"NOR","HOUSECOST","REAL","IDX2015","Q","1980-Q1",31.9802874563539,
"NOR","HOUSECOST","REAL","IDX2015","Q","1980-Q2",32.3235956663526,
"NOR","HOUSECOST","REAL","IDX2015","Q","1980-Q3",32.1242366988426,
"NOR","HOUSECOST","REAL","IDX2015","Q","1980-Q4",32.2019356614536,
"NOR","HOUSECOST","REAL","IDX2015","Q","1981-Q1",31.8910113118933,
"NOR","HOUSECOST","REAL","IDX2015","Q","1981-Q2",31.5470414496781,
"NOR","HOUSECOST","REAL","IDX2015","Q","1981-Q3",30.9076362533627,
"NOR","HOUSECOST","REAL","IDX2015","Q","1981-Q4",30.9847463709688,
"NOR","HOUSECOST","REAL","IDX2015","Q","1982-Q1",31.0415280654981,
"NOR","HOUSECOST","REAL","IDX2015","Q","1982-Q2",30.9878290369302,
"NOR","HOUSECOST","REAL","IDX2015","Q","1982-Q3",30.6585155682058,
"NOR","HOUSECOST","REAL","IDX2015","Q","1982-Q4",30.3239014869158,
"NOR","HOUSECOST","REAL","IDX2015","Q","1983-Q1",30.7074901646093,
"NOR","HOUSECOST","REAL","IDX2015","Q","1983-Q2",30.7165187778701,
"NOR","HOUSECOST","REAL","IDX2015","Q","1983-Q3",30.1624011110179,
"NOR","HOUSECOST","REAL","IDX2015","Q","1983-Q4",29.7432806966674,
"NOR","HOUSECOST","REAL","IDX2015","Q","1984-Q1",30.3007186168014,
"NOR","HOUSECOST","REAL","IDX2015","Q","1984-Q2",31.9216853665045,
"NOR","HOUSECOST","REAL","IDX2015","Q","1984-Q3",33.3340111515288,
"NOR","HOUSECOST","REAL","IDX2015","Q","1984-Q4",34.8953939829675,
"NOR","HOUSECOST","REAL","IDX2015","Q","1985-Q1",35.5336156211225,
"NOR","HOUSECOST","REAL","IDX2015","Q","1985-Q2",35.8659651766495,
"NOR","HOUSECOST","REAL","IDX2015","Q","1985-Q3",37.4247455656378,
"NOR","HOUSECOST","REAL","IDX2015","Q","1985-Q4",39.9958385892901,
"NOR","HOUSECOST","REAL","IDX2015","Q","1986-Q1",43.8631756783244,
"NOR","HOUSECOST","REAL","IDX2015","Q","1986-Q2",45.6677597886386,
"NOR","HOUSECOST","REAL","IDX2015","Q","1986-Q3",46.3639016588509,
"NOR","HOUSECOST","REAL","IDX2015","Q","1986-Q4",46.448621981405,
"NOR","HOUSECOST","REAL","IDX2015","Q","1987-Q1",43.7371625901096,
"NOR","HOUSECOST","REAL","IDX2015","Q","1987-Q2",47.0884573766301,
"NOR","HOUSECOST","REAL","IDX2015","Q","1987-Q3",45.3935624103812,
"NOR","HOUSECOST","REAL","IDX2015","Q","1987-Q4",44.9065106526723,
"NOR","HOUSECOST","REAL","IDX2015","Q","1988-Q1",44.965253936833,
"NOR","HOUSECOST","REAL","IDX2015","Q","1988-Q2",44.368922341661,
"NOR","HOUSECOST","REAL","IDX2015","Q","1988-Q3",44.310337836058,
"NOR","HOUSECOST","REAL","IDX2015","Q","1988-Q4",43.8863793547439,
"NOR","HOUSECOST","REAL","IDX2015","Q","1989-Q1",42.2940805480453,
"NOR","HOUSECOST","REAL","IDX2015","Q","1989-Q2",40.1938420481868,
"NOR","HOUSECOST","REAL","IDX2015","Q","1989-Q3",38.4217575298794,
"NOR","HOUSECOST","REAL","IDX2015","Q","1989-Q4",37.5657239495322,
"NOR","HOUSECOST","REAL","IDX2015","Q","1990-Q1",36.4139370904934,
"NOR","HOUSECOST","REAL","IDX2015","Q","1990-Q2",36.0810449995151,
"NOR","HOUSECOST","REAL","IDX2015","Q","1990-Q3",34.7441964715103,
"NOR","HOUSECOST","REAL","IDX2015","Q","1990-Q4",33.2534717850875,
"NOR","HOUSECOST","REAL","IDX2015","Q","1991-Q1",32.802331191008,
"NOR","HOUSECOST","REAL","IDX2015","Q","1991-Q2",31.8495454084728,
"NOR","HOUSECOST","REAL","IDX2015","Q","1991-Q3",31.3888326975545,
"NOR","HOUSECOST","REAL","IDX2015","Q","1991-Q4",31.0933356305945,
"NOR","HOUSECOST","REAL","IDX2015","Q","1992-Q1",29.8194159906802,
"NOR","HOUSECOST","REAL","IDX2015","Q","1992-Q2",30.1620681747695,
"NOR","HOUSECOST","REAL","IDX2015","Q","1992-Q3",29.3518624344919,
"NOR","HOUSECOST","REAL","IDX2015","Q","1992-Q4",28.7292651270481,
"NOR","HOUSECOST","REAL","IDX2015","Q","1993-Q1",28.2064903109419,
"NOR","HOUSECOST","REAL","IDX2015","Q","1993-Q2",28.7237797380612,
"NOR","HOUSECOST","REAL","IDX2015","Q","1993-Q3",29.069472599188,
"NOR","HOUSECOST","REAL","IDX2015","Q","1993-Q4",30.2623563529999,
"NOR","HOUSECOST","REAL","IDX2015","Q","1994-Q1",32.0887164681597,
"NOR","HOUSECOST","REAL","IDX2015","Q","1994-Q2",32.2361298265352,
"NOR","HOUSECOST","REAL","IDX2015","Q","1994-Q3",32.9133620848903,
"NOR","HOUSECOST","REAL","IDX2015","Q","1994-Q4",33.0816571768823,
"NOR","HOUSECOST","REAL","IDX2015","Q","1995-Q1",33.4545206305887,
"NOR","HOUSECOST","REAL","IDX2015","Q","1995-Q2",33.9709309971155,
"NOR","HOUSECOST","REAL","IDX2015","Q","1995-Q3",34.3122728264025,
"NOR","HOUSECOST","REAL","IDX2015","Q","1995-Q4",34.9671946149368,
"NOR","HOUSECOST","REAL","IDX2015","Q","1996-Q1",35.6242406806288,
"NOR","HOUSECOST","REAL","IDX2015","Q","1996-Q2",36.3144109044659,
"NOR","HOUSECOST","REAL","IDX2015","Q","1996-Q3",37.1420667191036,
"NOR","HOUSECOST","REAL","IDX2015","Q","1996-Q4",38.0723313018301,
"NOR","HOUSECOST","REAL","IDX2015","Q","1997-Q1",38.5742679542201,
"NOR","HOUSECOST","REAL","IDX2015","Q","1997-Q2",39.7036595862033,
"NOR","HOUSECOST","REAL","IDX2015","Q","1997-Q3",40.8690254488769,
"NOR","HOUSECOST","REAL","IDX2015","Q","1997-Q4",41.7289216832794,
"NOR","HOUSECOST","REAL","IDX2015","Q","1998-Q1",43.3155072747523,
"NOR","HOUSECOST","REAL","IDX2015","Q","1998-Q2",44.0430642349694,
"NOR","HOUSECOST","REAL","IDX2015","Q","1998-Q3",43.8704084401121,
"NOR","HOUSECOST","REAL","IDX2015","Q","1998-Q4",43.119085893836,
"NOR","HOUSECOST","REAL","IDX2015","Q","1999-Q1",44.9626890919716,
"NOR","HOUSECOST","REAL","IDX2015","Q","1999-Q2",46.4968281200152,
"NOR","HOUSECOST","REAL","IDX2015","Q","1999-Q3",48.237446840844,
"NOR","HOUSECOST","REAL","IDX2015","Q","1999-Q4",50.2120913638195,
"NOR","HOUSECOST","REAL","IDX2015","Q","2000-Q1",51.9760782853441,
"NOR","HOUSECOST","REAL","IDX2015","Q","2000-Q2",54.1225481611737,
"NOR","HOUSECOST","REAL","IDX2015","Q","2000-Q3",53.753600437959,
"NOR","HOUSECOST","REAL","IDX2015","Q","2000-Q4",54.1620987660588,
"NOR","HOUSECOST","REAL","IDX2015","Q","2001-Q1",54.3047247237913,
"NOR","HOUSECOST","REAL","IDX2015","Q","2001-Q2",54.907940019079,
"NOR","HOUSECOST","REAL","IDX2015","Q","2001-Q3",56.9101107045491,
"NOR","HOUSECOST","REAL","IDX2015","Q","2001-Q4",57.7395589767469,
"NOR","HOUSECOST","REAL","IDX2015","Q","2002-Q1",57.7783968022361,
"NOR","HOUSECOST","REAL","IDX2015","Q","2002-Q2",58.1882257246728,
"NOR","HOUSECOST","REAL","IDX2015","Q","2002-Q3",58.137050616337,
"NOR","HOUSECOST","REAL","IDX2015","Q","2002-Q4",57.7432924599691,
"NOR","HOUSECOST","REAL","IDX2015","Q","2003-Q1",56.2834165223371,
"NOR","HOUSECOST","REAL","IDX2015","Q","2003-Q2",56.7693995263956,
"NOR","HOUSECOST","REAL","IDX2015","Q","2003-Q3",57.5904392842725,
"NOR","HOUSECOST","REAL","IDX2015","Q","2003-Q4",58.5294137432094,
"NOR","HOUSECOST","REAL","IDX2015","Q","2004-Q1",60.9715015535544,
"NOR","HOUSECOST","REAL","IDX2015","Q","2004-Q2",61.9801199953041,
"NOR","HOUSECOST","REAL","IDX2015","Q","2004-Q3",62.7723082768026,
"NOR","HOUSECOST","REAL","IDX2015","Q","2004-Q4",63.8028585278604,
"NOR","HOUSECOST","REAL","IDX2015","Q","2005-Q1",65.7551149405671,
"NOR","HOUSECOST","REAL","IDX2015","Q","2005-Q2",65.7815933985153,
"NOR","HOUSECOST","REAL","IDX2015","Q","2005-Q3",67.1300268077758,
"NOR","HOUSECOST","REAL","IDX2015","Q","2005-Q4",68.4044315989035,
"NOR","HOUSECOST","REAL","IDX2015","Q","2006-Q1",70.4970154385047,
"NOR","HOUSECOST","REAL","IDX2015","Q","2006-Q2",73.0517379217433,
"NOR","HOUSECOST","REAL","IDX2015","Q","2006-Q3",76.2411778259618,
"NOR","HOUSECOST","REAL","IDX2015","Q","2006-Q4",78.3850230385648,
"NOR","HOUSECOST","REAL","IDX2015","Q","2007-Q1",81.218799172741,
"NOR","HOUSECOST","REAL","IDX2015","Q","2007-Q2",83.0180752810983,
"NOR","HOUSECOST","REAL","IDX2015","Q","2007-Q3",84.0313941184682,
"NOR","HOUSECOST","REAL","IDX2015","Q","2007-Q4",83.2118090286092,
"NOR","HOUSECOST","REAL","IDX2015","Q","2008-Q1",82.5170326064777,
"NOR","HOUSECOST","REAL","IDX2015","Q","2008-Q2",81.4007858078264,
"NOR","HOUSECOST","REAL","IDX2015","Q","2008-Q3",78.6811351523114,
"NOR","HOUSECOST","REAL","IDX2015","Q","2008-Q4",74.4245872013492,
"NOR","HOUSECOST","REAL","IDX2015","Q","2009-Q1",75.609599622125,
"NOR","HOUSECOST","REAL","IDX2015","Q","2009-Q2",77.5079735763148,
"NOR","HOUSECOST","REAL","IDX2015","Q","2009-Q3",80.204116383196,
"NOR","HOUSECOST","REAL","IDX2015","Q","2009-Q4",81.8068736122418,
"NOR","HOUSECOST","REAL","IDX2015","Q","2010-Q1",81.3360007349563,
"NOR","HOUSECOST","REAL","IDX2015","Q","2010-Q2",83.6309533398903,
"NOR","HOUSECOST","REAL","IDX2015","Q","2010-Q3",84.084947741251,
"NOR","HOUSECOST","REAL","IDX2015","Q","2010-Q4",84.8733332955643,
"NOR","HOUSECOST","REAL","IDX2015","Q","2011-Q1",88.0035083509975,
"NOR","HOUSECOST","REAL","IDX2015","Q","2011-Q2",87.5536448181807,
"NOR","HOUSECOST","REAL","IDX2015","Q","2011-Q3",89.8568806071897,
"NOR","HOUSECOST","REAL","IDX2015","Q","2011-Q4",91.3195602137427,
"NOR","HOUSECOST","REAL","IDX2015","Q","2012-Q1",92.45114577043,
"NOR","HOUSECOST","REAL","IDX2015","Q","2012-Q2",93.7518633408127,
"NOR","HOUSECOST","REAL","IDX2015","Q","2012-Q3",95.0387350739763,
"NOR","HOUSECOST","REAL","IDX2015","Q","2012-Q4",95.6467738499324,
"NOR","HOUSECOST","REAL","IDX2015","Q","2013-Q1",96.5870220148119,
"NOR","HOUSECOST","REAL","IDX2015","Q","2013-Q2",96.6756955150419,
"NOR","HOUSECOST","REAL","IDX2015","Q","2013-Q3",95.931778750715,
"NOR","HOUSECOST","REAL","IDX2015","Q","2013-Q4",95.0064630272992,
"NOR","HOUSECOST","REAL","IDX2015","Q","2014-Q1",94.5280316787056,
"NOR","HOUSECOST","REAL","IDX2015","Q","2014-Q2",95.9083864045171,
"NOR","HOUSECOST","REAL","IDX2015","Q","2014-Q3",97.1522863696211,
"NOR","HOUSECOST","REAL","IDX2015","Q","2014-Q4",98.4076501141755,
"NOR","HOUSECOST","REAL","IDX2015","Q","2015-Q1",98.974109990392,
"NOR","HOUSECOST","REAL","IDX2015","Q","2015-Q2",100.34156694686,
"NOR","HOUSECOST","REAL","IDX2015","Q","2015-Q3",100.731653098383,
"NOR","HOUSECOST","REAL","IDX2015","Q","2015-Q4",99.9526699643655,
"NOR","HOUSECOST","REAL","IDX2015","Q","2016-Q1",100.670641109215,
"NOR","HOUSECOST","REAL","IDX2015","Q","2016-Q2",102.101583510068,
"NOR","HOUSECOST","REAL","IDX2015","Q","2016-Q3",105.286585512429,
"NOR","HOUSECOST","REAL","IDX2015","Q","2016-Q4",107.529733873156,
"NOR","HOUSECOST","REAL","IDX2015","Q","2017-Q1",108.716721363364,
"NOR","HOUSECOST","REAL","IDX2015","Q","2017-Q2",107.1622981462,
"NOR","HOUSECOST","REAL","IDX2015","Q","2017-Q3",105.998985860024,
"NOR","HOUSECOST","REAL","IDX2015","Q","2017-Q4",106.085171391706,
"NOR","HOUSECOST","REAL","IDX2015","Q","2018-Q1",105.546069811714,
"NOR","HOUSECOST","REAL","IDX2015","Q","2018-Q2",107.008772225326,
"NOR","HOUSECOST","RENT","IDX2015","Q","1979-Q1",22.4380780626857,
"NOR","HOUSECOST","RENT","IDX2015","Q","1979-Q2",22.2512768405502,
"NOR","HOUSECOST","RENT","IDX2015","Q","1979-Q3",22.3573204837656,
"NOR","HOUSECOST","RENT","IDX2015","Q","1979-Q4",22.6608151895836,
"NOR","HOUSECOST","RENT","IDX2015","Q","1980-Q1",23.0195420999095,
"NOR","HOUSECOST","RENT","IDX2015","Q","1980-Q2",23.5316903749385,
"NOR","HOUSECOST","RENT","IDX2015","Q","1980-Q3",24.1987552582686,
"NOR","HOUSECOST","RENT","IDX2015","Q","1980-Q4",24.9580038841834,
"NOR","HOUSECOST","RENT","IDX2015","Q","1981-Q1",25.5495611881374,
"NOR","HOUSECOST","RENT","IDX2015","Q","1981-Q2",26.2235551174653,
"NOR","HOUSECOST","RENT","IDX2015","Q","1981-Q3",26.9034519443895,
"NOR","HOUSECOST","RENT","IDX2015","Q","1981-Q4",27.5989757579325,
"NOR","HOUSECOST","RENT","IDX2015","Q","1982-Q1",28.47615048016,
"NOR","HOUSECOST","RENT","IDX2015","Q","1982-Q2",29.7141932916686,
"NOR","HOUSECOST","RENT","IDX2015","Q","1982-Q3",30.4262968077118,
"NOR","HOUSECOST","RENT","IDX2015","Q","1982-Q4",31.0266796376977,
"NOR","HOUSECOST","RENT","IDX2015","Q","1983-Q1",31.6867653762973,
"NOR","HOUSECOST","RENT","IDX2015","Q","1983-Q2",32.3931619303758,
"NOR","HOUSECOST","RENT","IDX2015","Q","1983-Q3",32.9858794635139,
"NOR","HOUSECOST","RENT","IDX2015","Q","1983-Q4",33.5784320237522,
"NOR","HOUSECOST","RENT","IDX2015","Q","1984-Q1",34.1388176852244,
"NOR","HOUSECOST","RENT","IDX2015","Q","1984-Q2",34.7685480617932,
"NOR","HOUSECOST","RENT","IDX2015","Q","1984-Q3",35.3619854164921,
"NOR","HOUSECOST","RENT","IDX2015","Q","1984-Q4",35.909023730794,
"NOR","HOUSECOST","RENT","IDX2015","Q","1985-Q1",36.2478768483314,
"NOR","HOUSECOST","RENT","IDX2015","Q","1985-Q2",36.4913618770782,
"NOR","HOUSECOST","RENT","IDX2015","Q","1985-Q3",36.8942000158716,
"NOR","HOUSECOST","RENT","IDX2015","Q","1985-Q4",37.4121695670124,
"NOR","HOUSECOST","RENT","IDX2015","Q","1986-Q1",37.8648056700149,
"NOR","HOUSECOST","RENT","IDX2015","Q","1986-Q2",38.2376601956647,
"NOR","HOUSECOST","RENT","IDX2015","Q","1986-Q3",38.7345345853276,
"NOR","HOUSECOST","RENT","IDX2015","Q","1986-Q4",39.3425435409162,
"NOR","HOUSECOST","RENT","IDX2015","Q","1987-Q1",39.937577124479,
"NOR","HOUSECOST","RENT","IDX2015","Q","1987-Q2",40.4631338015394,
"NOR","HOUSECOST","RENT","IDX2015","Q","1987-Q3",41.0557404081891,
"NOR","HOUSECOST","RENT","IDX2015","Q","1987-Q4",41.7571770037588,
"NOR","HOUSECOST","RENT","IDX2015","Q","1988-Q1",42.5938119109934,
"NOR","HOUSECOST","RENT","IDX2015","Q","1988-Q2",43.6707689411591,
"NOR","HOUSECOST","RENT","IDX2015","Q","1988-Q3",44.538037313596,
"NOR","HOUSECOST","RENT","IDX2015","Q","1988-Q4",45.3120874121672,
"NOR","HOUSECOST","RENT","IDX2015","Q","1989-Q1",46.1093541429715,
"NOR","HOUSECOST","RENT","IDX2015","Q","1989-Q2",46.9553744411609,
"NOR","HOUSECOST","RENT","IDX2015","Q","1989-Q3",47.8338445580624,
"NOR","HOUSECOST","RENT","IDX2015","Q","1989-Q4",48.6172514291568,
"NOR","HOUSECOST","RENT","IDX2015","Q","1990-Q1",49.4056586345931,
"NOR","HOUSECOST","RENT","IDX2015","Q","1990-Q2",50.1600298373997,
"NOR","HOUSECOST","RENT","IDX2015","Q","1990-Q3",50.8174844343206,
"NOR","HOUSECOST","RENT","IDX2015","Q","1990-Q4",51.4336788008042,
"NOR","HOUSECOST","RENT","IDX2015","Q","1991-Q1",52.0461135351765,
"NOR","HOUSECOST","RENT","IDX2015","Q","1991-Q2",52.7293744539052,
"NOR","HOUSECOST","RENT","IDX2015","Q","1991-Q3",53.2121684781559,
"NOR","HOUSECOST","RENT","IDX2015","Q","1991-Q4",53.6966791747885,
"NOR","HOUSECOST","RENT","IDX2015","Q","1992-Q1",54.1432251186464,
"NOR","HOUSECOST","RENT","IDX2015","Q","1992-Q2",54.6170140520134,
"NOR","HOUSECOST","RENT","IDX2015","Q","1992-Q3",55.1708283442767,
"NOR","HOUSECOST","RENT","IDX2015","Q","1992-Q4",55.6872706162974,
"NOR","HOUSECOST","RENT","IDX2015","Q","1993-Q1",56.1078800502759,
"NOR","HOUSECOST","RENT","IDX2015","Q","1993-Q2",56.4101157115449,
"NOR","HOUSECOST","RENT","IDX2015","Q","1993-Q3",56.6880828379041,
"NOR","HOUSECOST","RENT","IDX2015","Q","1993-Q4",56.8461367602576,
"NOR","HOUSECOST","RENT","IDX2015","Q","1994-Q1",56.8516033656151,
"NOR","HOUSECOST","RENT","IDX2015","Q","1994-Q2",56.7219147129305,
"NOR","HOUSECOST","RENT","IDX2015","Q","1994-Q3",56.89574090595,
"NOR","HOUSECOST","RENT","IDX2015","Q","1994-Q4",57.0830616342761,
"NOR","HOUSECOST","RENT","IDX2015","Q","1995-Q1",57.3440590222553,
"NOR","HOUSECOST","RENT","IDX2015","Q","1995-Q2",57.5188974408464,
"NOR","HOUSECOST","RENT","IDX2015","Q","1995-Q3",57.8898502751872,
"NOR","HOUSECOST","RENT","IDX2015","Q","1995-Q4",58.1998078050255,
"NOR","HOUSECOST","RENT","IDX2015","Q","1996-Q1",58.4173613169623,
"NOR","HOUSECOST","RENT","IDX2015","Q","1996-Q2",58.6631789362224,
"NOR","HOUSECOST","RENT","IDX2015","Q","1996-Q3",58.803256537003,
"NOR","HOUSECOST","RENT","IDX2015","Q","1996-Q4",59.0691417801829,
"NOR","HOUSECOST","RENT","IDX2015","Q","1997-Q1",59.4138410643755,
"NOR","HOUSECOST","RENT","IDX2015","Q","1997-Q2",59.8667309142677,
"NOR","HOUSECOST","RENT","IDX2015","Q","1997-Q3",60.4464004342917,
"NOR","HOUSECOST","RENT","IDX2015","Q","1997-Q4",60.8931093638936,
"NOR","HOUSECOST","RENT","IDX2015","Q","1998-Q1",61.1168354629407,
"NOR","HOUSECOST","RENT","IDX2015","Q","1998-Q2",61.3980919286976,
"NOR","HOUSECOST","RENT","IDX2015","Q","1998-Q3",61.7338655740779,
"NOR","HOUSECOST","RENT","IDX2015","Q","1998-Q4",62.0050992342825,
"NOR","HOUSECOST","RENT","IDX2015","Q","1999-Q1",62.3523266031823,
"NOR","HOUSECOST","RENT","IDX2015","Q","1999-Q2",63.1978383032996,
"NOR","HOUSECOST","RENT","IDX2015","Q","1999-Q3",63.4841393921138,
"NOR","HOUSECOST","RENT","IDX2015","Q","1999-Q4",64.0868313162282,
"NOR","HOUSECOST","RENT","IDX2015","Q","2000-Q1",64.8765127238606,
"NOR","HOUSECOST","RENT","IDX2015","Q","2000-Q2",65.3415412591154,
"NOR","HOUSECOST","RENT","IDX2015","Q","2000-Q3",66.1037156277992,
"NOR","HOUSECOST","RENT","IDX2015","Q","2000-Q4",66.8001910729419,
"NOR","HOUSECOST","RENT","IDX2015","Q","2001-Q1",67.4686746093543,
"NOR","HOUSECOST","RENT","IDX2015","Q","2001-Q2",67.8989448687645,
"NOR","HOUSECOST","RENT","IDX2015","Q","2001-Q3",68.4716948402451,
"NOR","HOUSECOST","RENT","IDX2015","Q","2001-Q4",69.4168425707364,
"NOR","HOUSECOST","RENT","IDX2015","Q","2002-Q1",70.3095327113934,
"NOR","HOUSECOST","RENT","IDX2015","Q","2002-Q2",71.0808763044105,
"NOR","HOUSECOST","RENT","IDX2015","Q","2002-Q3",71.8198243476965,
"NOR","HOUSECOST","RENT","IDX2015","Q","2002-Q4",72.2469323098333,
"NOR","HOUSECOST","RENT","IDX2015","Q","2003-Q1",73.1522104915615,
"NOR","HOUSECOST","RENT","IDX2015","Q","2003-Q2",74.0793945327289,
"NOR","HOUSECOST","RENT","IDX2015","Q","2003-Q3",74.5839819201882,
"NOR","HOUSECOST","RENT","IDX2015","Q","2003-Q4",75.009207925893,
"NOR","HOUSECOST","RENT","IDX2015","Q","2004-Q1",75.1492575025032,
"NOR","HOUSECOST","RENT","IDX2015","Q","2004-Q2",75.4412411942926,
"NOR","HOUSECOST","RENT","IDX2015","Q","2004-Q3",75.8614398126691,
"NOR","HOUSECOST","RENT","IDX2015","Q","2004-Q4",76.3400146186212,
"NOR","HOUSECOST","RENT","IDX2015","Q","2005-Q1",76.6462357365278,
"NOR","HOUSECOST","RENT","IDX2015","Q","2005-Q2",77.0539471287044,
"NOR","HOUSECOST","RENT","IDX2015","Q","2005-Q3",77.4076138066992,
"NOR","HOUSECOST","RENT","IDX2015","Q","2005-Q4",77.784645847019,
"NOR","HOUSECOST","RENT","IDX2015","Q","2006-Q1",78.2858662218418,
"NOR","HOUSECOST","RENT","IDX2015","Q","2006-Q2",78.7361654175399,
"NOR","HOUSECOST","RENT","IDX2015","Q","2006-Q3",79.2063400306691,
"NOR","HOUSECOST","RENT","IDX2015","Q","2006-Q4",79.6313426160922,
"NOR","HOUSECOST","RENT","IDX2015","Q","2007-Q1",79.8789377789577,
"NOR","HOUSECOST","RENT","IDX2015","Q","2007-Q2",80.0764755404813,
"NOR","HOUSECOST","RENT","IDX2015","Q","2007-Q3",80.6414470323441,
"NOR","HOUSECOST","RENT","IDX2015","Q","2007-Q4",81.296677758649,
"NOR","HOUSECOST","RENT","IDX2015","Q","2008-Q1",81.8429168918561,
"NOR","HOUSECOST","RENT","IDX2015","Q","2008-Q2",82.6283026400116,
"NOR","HOUSECOST","RENT","IDX2015","Q","2008-Q3",83.216590675021,
"NOR","HOUSECOST","RENT","IDX2015","Q","2008-Q4",83.8731951370576,
"NOR","HOUSECOST","RENT","IDX2015","Q","2009-Q1",84.8302070327823,
"NOR","HOUSECOST","RENT","IDX2015","Q","2009-Q2",85.5428771769281,
"NOR","HOUSECOST","RENT","IDX2015","Q","2009-Q3",86.1988383358785,
"NOR","HOUSECOST","RENT","IDX2015","Q","2009-Q4",86.3900347778475,
"NOR","HOUSECOST","RENT","IDX2015","Q","2010-Q1",87.5098928603325,
"NOR","HOUSECOST","RENT","IDX2015","Q","2010-Q2",87.8903043389855,
"NOR","HOUSECOST","RENT","IDX2015","Q","2010-Q3",88.3768962032047,
"NOR","HOUSECOST","RENT","IDX2015","Q","2010-Q4",88.9523595067953,
"NOR","HOUSECOST","RENT","IDX2015","Q","2011-Q1",89.49801372189,
"NOR","HOUSECOST","RENT","IDX2015","Q","2011-Q2",89.8607388636281,
"NOR","HOUSECOST","RENT","IDX2015","Q","2011-Q3",90.4078419838751,
"NOR","HOUSECOST","RENT","IDX2015","Q","2011-Q4",90.8968608291324,
"NOR","HOUSECOST","RENT","IDX2015","Q","2012-Q1",91.1480374825333,
"NOR","HOUSECOST","RENT","IDX2015","Q","2012-Q2",91.6026823640932,
"NOR","HOUSECOST","RENT","IDX2015","Q","2012-Q3",92.0845180805913,
"NOR","HOUSECOST","RENT","IDX2015","Q","2012-Q4",92.7287836685853,
"NOR","HOUSECOST","RENT","IDX2015","Q","2013-Q1",93.620145928333,
"NOR","HOUSECOST","RENT","IDX2015","Q","2013-Q2",94.4186025928411,
"NOR","HOUSECOST","RENT","IDX2015","Q","2013-Q3",95.0928116668729,
"NOR","HOUSECOST","RENT","IDX2015","Q","2013-Q4",95.8667461705339,
"NOR","HOUSECOST","RENT","IDX2015","Q","2014-Q1",96.2055092325845,
"NOR","HOUSECOST","RENT","IDX2015","Q","2014-Q2",96.9143870275317,
"NOR","HOUSECOST","RENT","IDX2015","Q","2014-Q3",97.6987756425968,
"NOR","HOUSECOST","RENT","IDX2015","Q","2014-Q4",98.4138290111133,
"NOR","HOUSECOST","RENT","IDX2015","Q","2015-Q1",99.1453075692737,
"NOR","HOUSECOST","RENT","IDX2015","Q","2015-Q2",99.7769131529586,
"NOR","HOUSECOST","RENT","IDX2015","Q","2015-Q3",100.329227480132,
"NOR","HOUSECOST","RENT","IDX2015","Q","2015-Q4",100.748551797636,
"NOR","HOUSECOST","RENT","IDX2015","Q","2016-Q1",101.091152737743,
"NOR","HOUSECOST","RENT","IDX2015","Q","2016-Q2",101.65380101158,
"NOR","HOUSECOST","RENT","IDX2015","Q","2016-Q3",102.204107735153,
"NOR","HOUSECOST","RENT","IDX2015","Q","2016-Q4",102.751581519216,
"NOR","HOUSECOST","RENT","IDX2015","Q","2017-Q1",103.420171771569,
"NOR","HOUSECOST","RENT","IDX2015","Q","2017-Q2",103.839664056258,
"NOR","HOUSECOST","RENT","IDX2015","Q","2017-Q3",104.294579750109,
"NOR","HOUSECOST","RENT","IDX2015","Q","2017-Q4",104.813751163987,
"NOR","HOUSECOST","RENT","IDX2015","Q","2018-Q1",105.220916321029,
"NOR","HOUSECOST","RENT","IDX2015","Q","2018-Q2",105.696978382141,
"NOR","HOUSECOST","RENT","IDX2015","Q","2018-Q3",106.073465797933,
"NOR","HOUSECOST","RENT","IDX2015","Q","2018-Q4",106.510668502521,
